,date,adm_1,lower_95,upper_95,lower_90,upper_90,lower_80,upper_80,lower_50,upper_50,pred
0,2026-10-11,11,2.0,70.0,3.0,59.0,5.0,48.0,10.0,32.0,19.0
1,2026-10-11,12,0.0,857.0,0.0,656.0,3.0,463.0,18.0,227.0,79.0
2,2026-10-11,13,10.0,186.0,15.0,160.0,21.0,133.0,37.0,95.0,61.0
3,2026-10-11,14,0.0,50.0,0.0,40.0,1.0,31.0,3.0,18.0,9.0
4,2026-10-11,15,7.0,259.0,12.0,218.0,19.0,176.0,38.0,119.0,71.0
5,2026-10-11,16,0.0,109.0,1.0,88.0,2.0,67.0,7.0,40.0,19.0
6,2026-10-11,17,2.0,85.0,4.0,72.0,6.0,58.0,13.0,40.0,24.0
7,2026-10-11,21,3.0,97.0,5.0,82.0,8.0,67.0,15.0,45.0,27.0
8,2026-10-11,22,5.0,71.0,7.0,62.0,10.0,52.0,16.0,38.0,26.0
9,2026-10-11,23,24.0,386.0,34.0,333.0,48.0,278.0,80.0,199.0,131.0
10,2026-10-11,24,31.0,267.0,39.0,236.0,51.0,203.0,75.0,154.0,110.0
11,2026-10-11,25,16.0,273.0,22.0,235.0,32.0,195.0,54.0,139.0,90.0
12,2026-10-11,26,26.0,750.0,40.0,635.0,62.0,516.0,118.0,352.0,214.0
13,2026-10-11,27,13.0,453.0,21.0,382.0,34.0,309.0,67.0,208.0,124.0
14,2026-10-11,28,2.0,139.0,3.0,115.0,6.0,91.0,15.0,58.0,31.0
15,2026-10-11,29,45.0,522.0,59.0,455.0,80.0,385.0,126.0,284.0,194.0
16,2026-10-11,31,22.0,1083.0,36.0,902.0,62.0,719.0,133.0,468.0,266.0
17,2026-10-11,32,0.0,1103.0,0.0,839.0,3.0,587.0,19.0,282.0,93.0
18,2026-10-11,33,12.0,517.0,20.0,433.0,33.0,347.0,68.0,229.0,133.0
19,2026-10-11,35,16.0,2139.0,32.0,1741.0,64.0,1342.0,173.0,813.0,410.0
20,2026-10-11,41,2.0,571.0,5.0,459.0,12.0,348.0,37.0,203.0,96.0
21,2026-10-11,42,0.0,214.0,0.0,153.0,0.0,96.0,0.0,35.0,6.0
22,2026-10-11,43,0.0,169.0,0.0,119.0,0.0,74.0,0.0,26.0,4.0
23,2026-10-11,50,7.0,169.0,11.0,144.0,17.0,119.0,30.0,83.0,52.0
24,2026-10-11,51,22.0,238.0,29.0,208.0,38.0,177.0,60.0,132.0,91.0
25,2026-10-11,52,206.0,985.0,242.0,892.0,288.0,793.0,378.0,642.0,498.0
26,2026-10-11,53,1.0,377.0,4.0,304.0,9.0,232.0,26.0,137.0,66.0
27,2026-10-18,11,3.0,82.0,5.0,70.0,7.0,57.0,14.0,40.0,25.0
28,2026-10-18,12,0.0,956.0,1.0,733.0,3.0,518.0,21.0,256.0,90.0
29,2026-10-18,13,14.0,169.0,19.0,147.0,26.0,125.0,41.0,92.0,63.0
30,2026-10-18,14,0.0,49.0,0.0,40.0,1.0,30.0,3.0,18.0,8.0
31,2026-10-18,15,9.0,222.0,13.0,189.0,20.0,155.0,38.0,107.0,66.0
32,2026-10-18,16,0.0,96.0,0.0,77.0,2.0,58.0,6.0,34.0,16.0
33,2026-10-18,17,4.0,103.0,6.0,88.0,9.0,72.0,17.0,50.0,31.0
34,2026-10-18,21,3.0,103.0,4.0,87.0,7.0,70.0,15.0,47.0,28.0
35,2026-10-18,22,7.0,63.0,9.0,55.0,11.0,48.0,17.0,36.0,26.0
36,2026-10-18,23,22.0,350.0,30.0,302.0,43.0,252.0,72.0,180.0,118.0
37,2026-10-18,24,38.0,239.0,46.0,214.0,57.0,187.0,79.0,147.0,109.0
38,2026-10-18,25,16.0,242.0,22.0,209.0,31.0,175.0,51.0,126.0,83.0
39,2026-10-18,26,23.0,812.0,36.0,683.0,59.0,551.0,116.0,369.0,218.0
40,2026-10-18,27,10.0,510.0,17.0,425.0,29.0,339.0,63.0,221.0,126.0
41,2026-10-18,28,1.0,149.0,2.0,121.0,4.0,94.0,12.0,57.0,29.0
42,2026-10-18,29,50.0,532.0,66.0,466.0,88.0,396.0,135.0,295.0,204.0
43,2026-10-18,31,32.0,1167.0,51.0,980.0,82.0,790.0,164.0,526.0,310.0
44,2026-10-18,32,0.0,1166.0,1.0,894.0,4.0,632.0,25.0,312.0,109.0
45,2026-10-18,33,13.0,557.0,21.0,466.0,35.0,373.0,73.0,246.0,142.0
46,2026-10-18,35,17.0,2305.0,34.0,1876.0,70.0,1447.0,187.0,877.0,444.0
47,2026-10-18,41,3.0,668.0,6.0,538.0,14.0,409.0,44.0,240.0,114.0
48,2026-10-18,42,0.0,232.0,0.0,168.0,0.0,109.0,1.0,43.0,9.0
49,2026-10-18,43,0.0,168.0,0.0,123.0,0.0,80.0,1.0,33.0,8.0
50,2026-10-18,50,7.0,207.0,11.0,176.0,18.0,143.0,33.0,98.0,60.0
51,2026-10-18,51,29.0,252.0,37.0,222.0,48.0,191.0,71.0,146.0,104.0
52,2026-10-18,52,233.0,1048.0,271.0,952.0,320.0,849.0,416.0,693.0,543.0
53,2026-10-18,53,1.0,422.0,3.0,339.0,8.0,256.0,26.0,149.0,70.0
54,2026-10-25,11,2.0,93.0,3.0,78.0,6.0,63.0,13.0,42.0,24.0
55,2026-10-25,12,0.0,953.0,1.0,733.0,4.0,520.0,22.0,259.0,92.0
56,2026-10-25,13,13.0,165.0,18.0,144.0,25.0,121.0,39.0,89.0,61.0
57,2026-10-25,14,0.0,45.0,0.0,35.0,0.0,26.0,2.0,14.0,6.0
58,2026-10-25,15,7.0,211.0,11.0,179.0,18.0,146.0,34.0,100.0,61.0
59,2026-10-25,16,0.0,114.0,0.0,88.0,0.0,63.0,3.0,32.0,12.0
60,2026-10-25,17,4.0,121.0,6.0,103.0,10.0,84.0,19.0,57.0,35.0
61,2026-10-25,21,2.0,75.0,4.0,64.0,6.0,52.0,12.0,36.0,22.0
62,2026-10-25,22,6.0,53.0,7.0,47.0,10.0,41.0,15.0,31.0,22.0
63,2026-10-25,23,23.0,291.0,31.0,253.0,43.0,214.0,68.0,157.0,106.0
64,2026-10-25,24,38.0,208.0,45.0,187.0,55.0,165.0,74.0,132.0,100.0
65,2026-10-25,25,16.0,207.0,22.0,180.0,30.0,152.0,48.0,112.0,76.0
66,2026-10-25,26,17.0,950.0,29.0,789.0,50.0,626.0,111.0,404.0,226.0
67,2026-10-25,27,8.0,477.0,14.0,396.0,25.0,314.0,56.0,203.0,114.0
68,2026-10-25,28,1.0,131.0,2.0,107.0,5.0,84.0,12.0,52.0,27.0
69,2026-10-25,29,53.0,483.0,68.0,425.0,89.0,364.0,132.0,276.0,195.0
70,2026-10-25,31,28.0,1310.0,46.0,1093.0,78.0,873.0,165.0,571.0,326.0
71,2026-10-25,32,0.0,1181.0,1.0,904.0,4.0,637.0,24.0,312.0,108.0
72,2026-10-25,33,12.0,634.0,20.0,528.0,34.0,419.0,75.0,271.0,153.0
73,2026-10-25,35,18.0,2332.0,36.0,1900.0,73.0,1466.0,192.0,891.0,453.0
74,2026-10-25,41,4.0,678.0,9.0,550.0,18.0,422.0,52.0,253.0,126.0
75,2026-10-25,42,0.0,253.0,0.0,180.0,0.0,112.0,0.0,40.0,7.0
76,2026-10-25,43,0.0,183.0,0.0,130.0,0.0,83.0,0.0,30.0,6.0
77,2026-10-25,50,5.0,263.0,8.0,219.0,15.0,174.0,32.0,113.0,64.0
78,2026-10-25,51,26.0,275.0,34.0,241.0,45.0,205.0,69.0,152.0,106.0
79,2026-10-25,52,244.0,983.0,281.0,898.0,327.0,806.0,415.0,666.0,531.0
80,2026-10-25,53,1.0,376.0,3.0,303.0,8.0,230.0,25.0,135.0,65.0
81,2026-11-01,11,2.0,132.0,4.0,111.0,8.0,89.0,17.0,58.0,33.0
82,2026-11-01,12,0.0,915.0,2.0,714.0,6.0,518.0,31.0,273.0,108.0
83,2026-11-01,13,17.0,173.0,22.0,152.0,29.0,130.0,45.0,97.0,68.0
84,2026-11-01,14,0.0,48.0,0.0,39.0,1.0,29.0,3.0,17.0,8.0
85,2026-11-01,15,8.0,268.0,12.0,226.0,20.0,183.0,40.0,123.0,74.0
86,2026-11-01,16,0.0,113.0,0.0,89.0,1.0,65.0,4.0,35.0,15.0
87,2026-11-01,17,4.0,145.0,7.0,122.0,11.0,99.0,22.0,67.0,41.0
88,2026-11-01,21,5.0,81.0,7.0,71.0,11.0,59.0,18.0,43.0,29.0
89,2026-11-01,22,4.0,65.0,6.0,57.0,8.0,47.0,14.0,34.0,23.0
90,2026-11-01,23,16.0,349.0,24.0,298.0,36.0,246.0,63.0,172.0,109.0
91,2026-11-01,24,34.0,211.0,42.0,189.0,51.0,166.0,71.0,131.0,98.0
92,2026-11-01,25,18.0,203.0,23.0,178.0,32.0,151.0,50.0,111.0,77.0
93,2026-11-01,26,5.0,1387.0,12.0,1114.0,28.0,843.0,87.0,490.0,231.0
94,2026-11-01,27,5.0,480.0,10.0,394.0,19.0,308.0,46.0,192.0,102.0
95,2026-11-01,28,0.0,166.0,1.0,134.0,4.0,102.0,11.0,60.0,29.0
96,2026-11-01,29,44.0,528.0,59.0,460.0,80.0,389.0,126.0,286.0,195.0
97,2026-11-01,31,30.0,1391.0,50.0,1161.0,83.0,927.0,176.0,607.0,347.0
98,2026-11-01,32,0.0,1178.0,1.0,903.0,4.0,639.0,26.0,316.0,111.0
99,2026-11-01,33,10.0,692.0,18.0,573.0,32.0,451.0,74.0,287.0,157.0
100,2026-11-01,35,21.0,2474.0,41.0,2020.0,82.0,1563.0,212.0,956.0,491.0
101,2026-11-01,41,4.0,779.0,9.0,630.0,19.0,481.0,56.0,286.0,140.0
102,2026-11-01,42,0.0,243.0,0.0,175.0,0.0,113.0,1.0,44.0,9.0
103,2026-11-01,43,0.0,207.0,0.0,141.0,0.0,83.0,0.0,25.0,3.0
104,2026-11-01,50,6.0,301.0,10.0,251.0,18.0,201.0,38.0,131.0,75.0
105,2026-11-01,51,30.0,303.0,39.0,266.0,52.0,227.0,79.0,170.0,119.0
106,2026-11-01,52,212.0,1096.0,251.0,989.0,302.0,874.0,402.0,702.0,538.0
107,2026-11-01,53,2.0,386.0,5.0,314.0,11.0,241.0,30.0,146.0,73.0
108,2026-11-08,11,3.0,140.0,5.0,117.0,8.0,94.0,18.0,62.0,35.0
109,2026-11-08,12,1.0,997.0,2.0,780.0,8.0,568.0,35.0,302.0,121.0
110,2026-11-08,13,17.0,195.0,23.0,171.0,31.0,145.0,48.0,107.0,74.0
111,2026-11-08,14,0.0,61.0,0.0,48.0,0.0,35.0,2.0,19.0,8.0
112,2026-11-08,15,12.0,280.0,18.0,239.0,27.0,196.0,49.0,136.0,85.0
113,2026-11-08,16,0.0,95.0,0.0,75.0,1.0,55.0,4.0,30.0,12.0
114,2026-11-08,17,4.0,185.0,6.0,154.0,11.0,123.0,23.0,81.0,46.0
115,2026-11-08,21,6.0,79.0,8.0,69.0,11.0,58.0,18.0,42.0,29.0
116,2026-11-08,22,4.0,80.0,6.0,69.0,9.0,57.0,15.0,40.0,26.0
117,2026-11-08,23,18.0,410.0,27.0,349.0,40.0,287.0,72.0,199.0,125.0
118,2026-11-08,24,32.0,229.0,39.0,204.0,50.0,177.0,71.0,137.0,101.0
119,2026-11-08,25,22.0,178.0,28.0,157.0,36.0,136.0,52.0,104.0,75.0
120,2026-11-08,26,5.0,1624.0,11.0,1297.0,27.0,974.0,91.0,557.0,254.0
121,2026-11-08,27,3.0,627.0,7.0,507.0,15.0,388.0,45.0,230.0,112.0
122,2026-11-08,28,0.0,241.0,1.0,191.0,3.0,141.0,11.0,78.0,33.0
123,2026-11-08,29,44.0,602.0,59.0,522.0,82.0,438.0,133.0,318.0,212.0
124,2026-11-08,31,26.0,1869.0,46.0,1543.0,84.0,1213.0,196.0,768.0,417.0
125,2026-11-08,32,0.0,1480.0,0.0,1120.0,3.0,777.0,23.0,365.0,116.0
126,2026-11-08,33,6.0,896.0,13.0,730.0,27.0,563.0,73.0,342.0,173.0
127,2026-11-08,35,25.0,2705.0,48.0,2211.0,94.0,1716.0,239.0,1055.0,546.0
128,2026-11-08,41,4.0,982.0,9.0,790.0,21.0,600.0,64.0,350.0,167.0
129,2026-11-08,42,0.0,277.0,0.0,199.0,0.0,127.0,1.0,48.0,10.0
130,2026-11-08,43,0.0,192.0,0.0,136.0,0.0,85.0,0.0,30.0,5.0
131,2026-11-08,50,8.0,409.0,14.0,341.0,24.0,272.0,51.0,177.0,101.0
132,2026-11-08,51,36.0,392.0,48.0,343.0,64.0,291.0,98.0,217.0,150.0
133,2026-11-08,52,315.0,1133.0,356.0,1041.0,410.0,942.0,510.0,789.0,639.0
134,2026-11-08,53,1.0,488.0,4.0,392.0,9.0,297.0,30.0,172.0,81.0
135,2026-11-15,11,3.0,198.0,6.0,165.0,11.0,132.0,24.0,86.0,48.0
136,2026-11-15,12,1.0,1092.0,3.0,859.0,10.0,630.0,43.0,340.0,141.0
137,2026-11-15,13,12.0,263.0,18.0,225.0,27.0,186.0,48.0,130.0,82.0
138,2026-11-15,14,0.0,64.0,0.0,51.0,0.0,37.0,3.0,21.0,9.0
139,2026-11-15,15,9.0,379.0,15.0,317.0,25.0,255.0,51.0,169.0,98.0
140,2026-11-15,16,0.0,92.0,0.0,72.0,0.0,52.0,3.0,27.0,11.0
141,2026-11-15,17,3.0,269.0,6.0,222.0,12.0,175.0,28.0,111.0,60.0
142,2026-11-15,21,3.0,99.0,4.0,84.0,7.0,68.0,15.0,46.0,27.0
143,2026-11-15,22,5.0,74.0,8.0,64.0,11.0,54.0,17.0,40.0,27.0
144,2026-11-15,23,11.0,483.0,19.0,404.0,31.0,324.0,64.0,214.0,124.0
145,2026-11-15,24,38.0,214.0,46.0,193.0,56.0,170.0,76.0,135.0,103.0
146,2026-11-15,25,18.0,202.0,23.0,177.0,32.0,150.0,50.0,111.0,76.0
147,2026-11-15,26,2.0,1882.0,6.0,1480.0,18.0,1088.0,76.0,590.0,246.0
148,2026-11-15,27,2.0,660.0,5.0,530.0,13.0,401.0,41.0,233.0,109.0
149,2026-11-15,28,0.0,223.0,1.0,176.0,2.0,130.0,10.0,71.0,30.0
150,2026-11-15,29,50.0,600.0,66.0,522.0,90.0,441.0,142.0,324.0,221.0
151,2026-11-15,31,24.0,2071.0,45.0,1703.0,84.0,1332.0,203.0,833.0,444.0
152,2026-11-15,32,0.0,1323.0,1.0,1017.0,5.0,721.0,30.0,359.0,128.0
153,2026-11-15,33,13.0,798.0,22.0,661.0,40.0,523.0,90.0,335.0,185.0
154,2026-11-15,35,28.0,2937.0,53.0,2402.0,103.0,1866.0,262.0,1149.0,597.0
155,2026-11-15,41,3.0,1110.0,8.0,889.0,20.0,670.0,66.0,386.0,179.0
156,2026-11-15,42,0.0,265.0,0.0,193.0,0.0,126.0,1.0,51.0,12.0
157,2026-11-15,43,0.0,163.0,0.0,119.0,0.0,78.0,1.0,32.0,7.0
158,2026-11-15,50,6.0,509.0,11.0,419.0,21.0,328.0,51.0,207.0,111.0
159,2026-11-15,51,34.0,477.0,47.0,413.0,65.0,347.0,105.0,252.0,168.0
160,2026-11-15,52,262.0,1429.0,312.0,1286.0,378.0,1133.0,509.0,904.0,688.0
161,2026-11-15,53,2.0,522.0,5.0,421.0,12.0,320.0,35.0,188.0,91.0
162,2026-11-22,11,3.0,234.0,6.0,193.0,11.0,153.0,26.0,98.0,54.0
163,2026-11-22,12,1.0,1184.0,4.0,932.0,12.0,686.0,48.0,372.0,156.0
164,2026-11-22,13,13.0,320.0,20.0,273.0,30.0,223.0,55.0,155.0,96.0
165,2026-11-22,14,0.0,73.0,0.0,55.0,0.0,38.0,1.0,18.0,6.0
166,2026-11-22,15,9.0,441.0,16.0,368.0,27.0,294.0,56.0,193.0,111.0
167,2026-11-22,16,0.0,55.0,0.0,44.0,1.0,34.0,4.0,20.0,10.0
168,2026-11-22,17,4.0,374.0,8.0,308.0,15.0,240.0,36.0,150.0,79.0
169,2026-11-22,21,5.0,96.0,7.0,82.0,11.0,68.0,18.0,48.0,31.0
170,2026-11-22,22,6.0,72.0,8.0,63.0,11.0,53.0,18.0,40.0,27.0
171,2026-11-22,23,20.0,467.0,30.0,398.0,45.0,327.0,81.0,227.0,142.0
172,2026-11-22,24,37.0,216.0,45.0,194.0,55.0,171.0,75.0,136.0,102.0
173,2026-11-22,25,11.0,239.0,16.0,204.0,24.0,168.0,43.0,118.0,74.0
174,2026-11-22,26,4.0,1584.0,9.0,1261.0,24.0,942.0,83.0,532.0,238.0
175,2026-11-22,27,4.0,448.0,8.0,367.0,16.0,285.0,40.0,176.0,91.0
176,2026-11-22,28,0.0,284.0,0.0,221.0,1.0,159.0,8.0,83.0,32.0
177,2026-11-22,29,48.0,692.0,66.0,599.0,92.0,502.0,150.0,363.0,241.0
178,2026-11-22,31,30.0,2719.0,56.0,2233.0,106.0,1743.0,260.0,1086.0,575.0
179,2026-11-22,32,0.0,1625.0,1.0,1246.0,6.0,882.0,35.0,436.0,153.0
180,2026-11-22,33,7.0,1140.0,15.0,925.0,31.0,710.0,87.0,426.0,212.0
181,2026-11-22,35,29.0,3538.0,58.0,2886.0,115.0,2232.0,299.0,1362.0,697.0
182,2026-11-22,41,5.0,1401.0,12.0,1125.0,28.0,851.0,88.0,495.0,233.0
183,2026-11-22,42,0.0,356.0,0.0,260.0,0.0,170.0,2.0,69.0,16.0
184,2026-11-22,43,0.0,154.0,0.0,115.0,0.0,78.0,1.0,34.0,9.0
185,2026-11-22,50,5.0,718.0,11.0,585.0,22.0,452.0,59.0,275.0,140.0
186,2026-11-22,51,36.0,649.0,50.0,557.0,73.0,461.0,126.0,327.0,210.0
187,2026-11-22,52,266.0,1758.0,325.0,1568.0,404.0,1366.0,565.0,1067.0,790.0
188,2026-11-22,53,1.0,721.0,4.0,574.0,10.0,428.0,37.0,241.0,107.0
189,2026-11-29,11,3.0,284.0,6.0,234.0,12.0,183.0,28.0,115.0,62.0
190,2026-11-29,12,2.0,1268.0,5.0,1003.0,15.0,742.0,58.0,410.0,177.0
191,2026-11-29,13,13.0,337.0,20.0,287.0,31.0,234.0,56.0,162.0,100.0
192,2026-11-29,14,0.0,58.0,0.0,45.0,0.0,33.0,1.0,17.0,6.0
193,2026-11-29,15,8.0,494.0,14.0,410.0,25.0,324.0,56.0,208.0,115.0
194,2026-11-29,16,0.0,51.0,0.0,42.0,1.0,32.0,3.0,19.0,9.0
195,2026-11-29,17,3.0,570.0,6.0,460.0,13.0,351.0,40.0,208.0,101.0
196,2026-11-29,21,3.0,111.0,6.0,94.0,9.0,76.0,17.0,52.0,32.0
197,2026-11-29,22,5.0,87.0,7.0,75.0,11.0,63.0,18.0,45.0,30.0
198,2026-11-29,23,10.0,574.0,18.0,477.0,31.0,379.0,68.0,245.0,138.0
199,2026-11-29,24,30.0,238.0,37.0,211.0,48.0,182.0,70.0,140.0,101.0
200,2026-11-29,25,7.0,297.0,11.0,249.0,19.0,199.0,39.0,131.0,76.0
201,2026-11-29,26,2.0,2056.0,5.0,1608.0,16.0,1172.0,73.0,623.0,250.0
202,2026-11-29,27,2.0,454.0,6.0,368.0,12.0,282.0,34.0,169.0,84.0
203,2026-11-29,28,0.0,242.0,0.0,189.0,2.0,137.0,8.0,73.0,29.0
204,2026-11-29,29,40.0,840.0,58.0,718.0,86.0,591.0,152.0,413.0,261.0
205,2026-11-29,31,27.0,3223.0,53.0,2630.0,106.0,2035.0,275.0,1244.0,637.0
206,2026-11-29,32,0.0,1870.0,2.0,1440.0,8.0,1026.0,45.0,515.0,186.0
207,2026-11-29,33,6.0,1411.0,14.0,1137.0,31.0,864.0,94.0,508.0,243.0
208,2026-11-29,35,35.0,4093.0,68.0,3340.0,134.0,2584.0,349.0,1579.0,810.0
209,2026-11-29,41,7.0,1499.0,16.0,1210.0,35.0,923.0,104.0,545.0,264.0
210,2026-11-29,42,0.0,456.0,0.0,331.0,0.0,215.0,2.0,85.0,19.0
211,2026-11-29,43,0.0,201.0,0.0,152.0,0.0,105.0,3.0,49.0,15.0
212,2026-11-29,50,4.0,883.0,8.0,711.0,19.0,539.0,58.0,316.0,150.0
213,2026-11-29,51,33.0,866.0,49.0,734.0,76.0,599.0,141.0,410.0,252.0
214,2026-11-29,52,252.0,2054.0,316.0,1816.0,405.0,1563.0,590.0,1194.0,857.0
215,2026-11-29,53,1.0,847.0,3.0,667.0,8.0,490.0,34.0,266.0,111.0
216,2026-12-06,11,4.0,281.0,8.0,233.0,14.0,184.0,32.0,118.0,66.0
217,2026-12-06,12,3.0,1403.0,7.0,1113.0,18.0,827.0,68.0,461.0,202.0
218,2026-12-06,13,14.0,393.0,22.0,334.0,34.0,272.0,64.0,186.0,114.0
219,2026-12-06,14,0.0,59.0,0.0,46.0,0.0,33.0,2.0,17.0,7.0
220,2026-12-06,15,9.0,517.0,16.0,429.0,27.0,341.0,60.0,220.0,123.0
221,2026-12-06,16,0.0,55.0,0.0,44.0,0.0,33.0,3.0,19.0,8.0
222,2026-12-06,17,1.0,711.0,4.0,567.0,11.0,424.0,38.0,240.0,108.0
223,2026-12-06,21,3.0,136.0,5.0,114.0,9.0,92.0,18.0,61.0,35.0
224,2026-12-06,22,4.0,90.0,7.0,77.0,10.0,64.0,17.0,45.0,29.0
225,2026-12-06,23,13.0,559.0,22.0,468.0,36.0,375.0,74.0,248.0,144.0
226,2026-12-06,24,31.0,233.0,39.0,207.0,50.0,180.0,71.0,139.0,101.0
227,2026-12-06,25,4.0,437.0,8.0,358.0,16.0,279.0,40.0,173.0,90.0
228,2026-12-06,26,2.0,2016.0,6.0,1582.0,18.0,1158.0,77.0,622.0,255.0
229,2026-12-06,27,3.0,450.0,7.0,367.0,14.0,283.0,37.0,173.0,88.0
230,2026-12-06,28,0.0,197.0,0.0,155.0,2.0,115.0,8.0,63.0,27.0
231,2026-12-06,29,42.0,909.0,61.0,776.0,90.0,638.0,162.0,444.0,279.0
232,2026-12-06,31,35.0,3727.0,68.0,3049.0,132.0,2368.0,333.0,1459.0,758.0
233,2026-12-06,32,0.0,2313.0,1.0,1768.0,7.0,1244.0,46.0,607.0,208.0
234,2026-12-06,33,6.0,1828.0,15.0,1466.0,35.0,1107.0,111.0,640.0,299.0
235,2026-12-06,35,35.0,5085.0,71.0,4130.0,146.0,3175.0,397.0,1913.0,957.0
236,2026-12-06,41,7.0,1872.0,16.0,1504.0,38.0,1138.0,117.0,661.0,311.0
237,2026-12-06,42,0.0,645.0,0.0,460.0,0.0,290.0,1.0,106.0,20.0
238,2026-12-06,43,0.0,248.0,0.0,180.0,0.0,117.0,1.0,47.0,10.0
239,2026-12-06,50,4.0,1011.0,9.0,812.0,20.0,615.0,64.0,357.0,168.0
240,2026-12-06,51,40.0,1000.0,60.0,850.0,91.0,695.0,167.0,478.0,295.0
241,2026-12-06,52,280.0,2356.0,353.0,2080.0,454.0,1788.0,666.0,1362.0,972.0
242,2026-12-06,53,1.0,1088.0,4.0,857.0,11.0,630.0,44.0,342.0,143.0
243,2026-12-13,11,4.0,278.0,7.0,230.0,13.0,182.0,30.0,116.0,64.0
244,2026-12-13,12,2.0,1433.0,6.0,1134.0,17.0,841.0,66.0,466.0,201.0
245,2026-12-13,13,11.0,438.0,18.0,368.0,29.0,295.0,60.0,196.0,115.0
246,2026-12-13,14,0.0,64.0,0.0,50.0,0.0,36.0,2.0,19.0,7.0
247,2026-12-13,15,7.0,476.0,13.0,394.0,24.0,312.0,53.0,200.0,111.0
248,2026-12-13,16,0.0,43.0,0.0,34.0,0.0,25.0,2.0,14.0,6.0
249,2026-12-13,17,3.0,740.0,6.0,594.0,15.0,449.0,46.0,261.0,123.0
250,2026-12-13,21,2.0,128.0,4.0,107.0,7.0,85.0,16.0,55.0,31.0
251,2026-12-13,22,4.0,90.0,6.0,77.0,9.0,64.0,17.0,45.0,29.0
252,2026-12-13,23,11.0,499.0,18.0,417.0,30.0,333.0,64.0,219.0,126.0
253,2026-12-13,24,25.0,256.0,32.0,224.0,43.0,191.0,66.0,143.0,99.0
254,2026-12-13,25,4.0,399.0,7.0,327.0,14.0,255.0,36.0,158.0,82.0
255,2026-12-13,26,3.0,1849.0,7.0,1460.0,21.0,1079.0,81.0,592.0,253.0
256,2026-12-13,27,2.0,433.0,5.0,351.0,11.0,269.0,32.0,161.0,80.0
257,2026-12-13,28,0.0,156.0,1.0,124.0,2.0,93.0,8.0,52.0,23.0
258,2026-12-13,29,42.0,854.0,61.0,731.0,89.0,603.0,157.0,423.0,268.0
259,2026-12-13,31,34.0,4267.0,67.0,3477.0,135.0,2686.0,355.0,1635.0,832.0
260,2026-12-13,32,0.0,2675.0,1.0,2028.0,5.0,1410.0,43.0,667.0,215.0
261,2026-12-13,33,4.0,2185.0,11.0,1735.0,30.0,1291.0,107.0,722.0,317.0
262,2026-12-13,35,31.0,6198.0,68.0,5003.0,147.0,3812.0,430.0,2251.0,1090.0
263,2026-12-13,41,6.0,2489.0,14.0,1980.0,37.0,1478.0,128.0,832.0,371.0
264,2026-12-13,42,0.0,884.0,0.0,614.0,0.0,372.0,1.0,120.0,17.0
265,2026-12-13,43,0.0,243.0,0.0,182.0,0.0,125.0,3.0,57.0,17.0
266,2026-12-13,50,3.0,1125.0,9.0,901.0,21.0,679.0,67.0,391.0,181.0
267,2026-12-13,51,40.0,953.0,60.0,811.0,90.0,665.0,164.0,460.0,286.0
268,2026-12-13,52,299.0,2208.0,371.0,1960.0,468.0,1697.0,669.0,1310.0,954.0
269,2026-12-13,53,1.0,1389.0,3.0,1086.0,10.0,790.0,48.0,418.0,167.0
270,2026-12-20,11,4.0,207.0,7.0,173.0,12.0,139.0,26.0,91.0,52.0
271,2026-12-20,12,2.0,1278.0,6.0,1013.0,16.0,753.0,61.0,419.0,183.0
272,2026-12-20,13,10.0,403.0,17.0,338.0,27.0,272.0,55.0,181.0,106.0
273,2026-12-20,14,0.0,67.0,0.0,52.0,0.0,37.0,1.0,18.0,7.0
274,2026-12-20,15,4.0,380.0,8.0,313.0,16.0,245.0,38.0,154.0,83.0
275,2026-12-20,16,0.0,37.0,0.0,30.0,1.0,23.0,3.0,14.0,7.0
276,2026-12-20,17,3.0,474.0,7.0,386.0,14.0,297.0,38.0,180.0,91.0
277,2026-12-20,21,0.0,122.0,1.0,99.0,3.0,77.0,10.0,46.0,23.0
278,2026-12-20,22,2.0,91.0,4.0,77.0,6.0,62.0,13.0,42.0,25.0
279,2026-12-20,23,8.0,416.0,14.0,347.0,24.0,276.0,51.0,180.0,102.0
280,2026-12-20,24,13.0,293.0,19.0,250.0,29.0,205.0,52.0,143.0,90.0
281,2026-12-20,25,2.0,396.0,5.0,322.0,11.0,248.0,31.0,150.0,75.0
282,2026-12-20,26,3.0,1358.0,7.0,1079.0,19.0,804.0,68.0,451.0,200.0
283,2026-12-20,27,2.0,327.0,5.0,267.0,10.0,206.0,27.0,125.0,63.0
284,2026-12-20,28,0.0,78.0,1.0,64.0,2.0,49.0,6.0,30.0,15.0
285,2026-12-20,29,35.0,749.0,51.0,640.0,76.0,527.0,135.0,368.0,232.0
286,2026-12-20,31,33.0,4055.0,65.0,3306.0,130.0,2555.0,340.0,1558.0,795.0
287,2026-12-20,32,0.0,2766.0,1.0,2097.0,6.0,1458.0,44.0,690.0,223.0
288,2026-12-20,33,4.0,1941.0,11.0,1545.0,29.0,1154.0,101.0,651.0,291.0
289,2026-12-20,35,33.0,6114.0,70.0,4942.0,151.0,3773.0,436.0,2238.0,1092.0
290,2026-12-20,41,5.0,2341.0,14.0,1863.0,35.0,1391.0,121.0,784.0,350.0
291,2026-12-20,42,0.0,732.0,0.0,522.0,0.0,330.0,2.0,121.0,23.0
292,2026-12-20,43,0.0,257.0,0.0,190.0,0.0,128.0,2.0,55.0,15.0
293,2026-12-20,50,2.0,1047.0,5.0,831.0,14.0,618.0,51.0,344.0,151.0
294,2026-12-20,51,31.0,793.0,47.0,673.0,71.0,550.0,132.0,378.0,233.0
295,2026-12-20,52,227.0,1903.0,286.0,1680.0,368.0,1444.0,539.0,1100.0,786.0
296,2026-12-20,53,1.0,1483.0,3.0,1154.0,9.0,834.0,46.0,434.0,168.0
297,2026-12-27,11,0.0,290.0,1.0,230.0,4.0,172.0,15.0,97.0,43.0
298,2026-12-27,12,1.0,1273.0,3.0,995.0,10.0,725.0,44.0,384.0,154.0
299,2026-12-27,13,4.0,460.0,8.0,376.0,16.0,291.0,40.0,179.0,93.0
300,2026-12-27,14,0.0,43.0,0.0,33.0,0.0,24.0,1.0,12.0,5.0
301,2026-12-27,15,4.0,373.0,8.0,307.0,15.0,240.0,37.0,151.0,81.0
302,2026-12-27,16,0.0,55.0,0.0,44.0,1.0,33.0,3.0,19.0,8.0
303,2026-12-27,17,7.0,319.0,12.0,267.0,20.0,214.0,42.0,141.0,81.0
304,2026-12-27,21,1.0,119.0,3.0,98.0,6.0,78.0,13.0,50.0,28.0
305,2026-12-27,22,1.0,87.0,2.0,72.0,4.0,57.0,10.0,37.0,21.0
306,2026-12-27,23,3.0,445.0,7.0,363.0,14.0,280.0,37.0,171.0,87.0
307,2026-12-27,24,11.0,262.0,16.0,224.0,25.0,183.0,45.0,127.0,79.0
308,2026-12-27,25,2.0,327.0,4.0,265.0,8.0,203.0,24.0,121.0,60.0
309,2026-12-27,26,1.0,1063.0,4.0,840.0,12.0,621.0,47.0,341.0,145.0
310,2026-12-27,27,1.0,346.0,2.0,277.0,6.0,208.0,19.0,119.0,54.0
311,2026-12-27,28,0.0,73.0,0.0,58.0,1.0,44.0,4.0,26.0,12.0
312,2026-12-27,29,24.0,820.0,38.0,691.0,60.0,558.0,119.0,374.0,222.0
313,2026-12-27,31,13.0,5561.0,33.0,4426.0,83.0,3306.0,289.0,1864.0,833.0
314,2026-12-27,32,0.0,2678.0,2.0,2051.0,9.0,1448.0,56.0,712.0,248.0
315,2026-12-27,33,1.0,2493.0,5.0,1939.0,16.0,1400.0,77.0,728.0,281.0
316,2026-12-27,35,24.0,7031.0,56.0,5632.0,131.0,4246.0,419.0,2446.0,1135.0
317,2026-12-27,41,5.0,2188.0,13.0,1741.0,32.0,1300.0,113.0,733.0,327.0
318,2026-12-27,42,0.0,489.0,0.0,359.0,0.0,238.0,3.0,99.0,25.0
319,2026-12-27,43,0.0,215.0,0.0,158.0,0.0,105.0,1.0,44.0,11.0
320,2026-12-27,50,0.0,1482.0,2.0,1148.0,8.0,824.0,41.0,422.0,159.0
321,2026-12-27,51,21.0,879.0,35.0,736.0,58.0,591.0,118.0,391.0,227.0
322,2026-12-27,52,175.0,2123.0,233.0,1848.0,315.0,1559.0,499.0,1145.0,777.0
323,2026-12-27,53,0.0,1708.0,2.0,1318.0,8.0,941.0,43.0,476.0,174.0
324,2027-01-03,11,0.0,1344.0,2.0,1045.0,8.0,754.0,41.0,392.0,151.0
325,2027-01-03,12,7.0,1773.0,16.0,1426.0,37.0,1081.0,114.0,630.0,298.0
326,2027-01-03,13,7.0,894.0,14.0,729.0,28.0,564.0,75.0,344.0,175.0
327,2027-01-03,14,0.0,44.0,0.0,35.0,0.0,26.0,2.0,15.0,7.0
328,2027-01-03,15,22.0,563.0,33.0,478.0,50.0,391.0,93.0,268.0,165.0
329,2027-01-03,16,0.0,141.0,1.0,114.0,3.0,87.0,9.0,51.0,24.0
330,2027-01-03,17,4.0,837.0,9.0,677.0,21.0,517.0,60.0,307.0,150.0
331,2027-01-03,21,6.0,216.0,10.0,182.0,16.0,147.0,31.0,99.0,59.0
332,2027-01-03,22,9.0,155.0,13.0,134.0,19.0,112.0,32.0,80.0,52.0
333,2027-01-03,23,10.0,673.0,17.0,557.0,32.0,439.0,73.0,279.0,153.0
334,2027-01-03,24,14.0,422.0,22.0,357.0,34.0,290.0,65.0,197.0,119.0
335,2027-01-03,25,3.0,408.0,7.0,333.0,13.0,258.0,35.0,158.0,82.0
336,2027-01-03,26,1.0,1844.0,5.0,1444.0,15.0,1054.0,67.0,562.0,228.0
337,2027-01-03,27,4.0,360.0,8.0,296.0,15.0,232.0,36.0,146.0,78.0
338,2027-01-03,28,0.0,106.0,0.0,85.0,1.0,64.0,6.0,36.0,16.0
339,2027-01-03,29,91.0,1182.0,122.0,1026.0,167.0,863.0,268.0,630.0,423.0
340,2027-01-03,31,31.0,12050.0,76.0,9601.0,187.0,7183.0,642.0,4065.0,1829.0
341,2027-01-03,32,0.0,3269.0,0.0,2443.0,3.0,1662.0,35.0,744.0,214.0
342,2027-01-03,33,4.0,4219.0,13.0,3310.0,37.0,2421.0,160.0,1299.0,532.0
343,2027-01-03,35,34.0,13389.0,84.0,10665.0,206.0,7976.0,710.0,4511.0,2026.0
344,2027-01-03,41,2.0,3725.0,8.0,2901.0,25.0,2100.0,119.0,1099.0,429.0
345,2027-01-03,42,0.0,508.0,0.0,381.0,0.0,261.0,6.0,119.0,36.0
346,2027-01-03,43,0.0,294.0,0.0,222.0,0.0,153.0,4.0,71.0,22.0
347,2027-01-03,50,3.0,2840.0,9.0,2229.0,26.0,1632.0,109.0,877.0,360.0
348,2027-01-03,51,36.0,2441.0,64.0,2018.0,115.0,1590.0,263.0,1012.0,553.0
349,2027-01-03,52,328.0,5389.0,457.0,4639.0,649.0,3860.0,1091.0,2754.0,1795.0
350,2027-01-03,53,0.0,3728.0,2.0,2838.0,9.0,1986.0,67.0,955.0,318.0
351,2027-01-10,11,1.0,1448.0,3.0,1126.0,9.0,812.0,44.0,422.0,163.0
352,2027-01-10,12,8.0,1729.0,17.0,1393.0,38.0,1059.0,115.0,622.0,298.0
353,2027-01-10,13,8.0,1069.0,16.0,870.0,32.0,671.0,86.0,406.0,205.0
354,2027-01-10,14,0.0,61.0,0.0,49.0,0.0,36.0,3.0,20.0,9.0
355,2027-01-10,15,29.0,699.0,43.0,595.0,65.0,487.0,119.0,337.0,209.0
356,2027-01-10,16,0.0,200.0,1.0,158.0,2.0,117.0,9.0,65.0,28.0
357,2027-01-10,17,5.0,955.0,11.0,773.0,24.0,591.0,69.0,351.0,172.0
358,2027-01-10,21,9.0,338.0,15.0,285.0,24.0,229.0,48.0,153.0,91.0
359,2027-01-10,22,11.0,192.0,15.0,165.0,22.0,137.0,38.0,98.0,63.0
360,2027-01-10,23,12.0,739.0,22.0,614.0,38.0,486.0,85.0,313.0,174.0
361,2027-01-10,24,15.0,493.0,24.0,416.0,38.0,337.0,74.0,228.0,137.0
362,2027-01-10,25,4.0,434.0,8.0,356.0,16.0,278.0,41.0,173.0,91.0
363,2027-01-10,26,2.0,1879.0,6.0,1476.0,18.0,1083.0,74.0,584.0,242.0
364,2027-01-10,27,8.0,383.0,13.0,319.0,22.0,255.0,48.0,166.0,95.0
365,2027-01-10,28,1.0,94.0,2.0,77.0,3.0,61.0,9.0,38.0,20.0
366,2027-01-10,29,80.0,1548.0,114.0,1326.0,167.0,1096.0,291.0,771.0,492.0
367,2027-01-10,31,43.0,15460.0,104.0,12336.0,252.0,9248.0,848.0,5258.0,2385.0
368,2027-01-10,32,0.0,3768.0,2.0,2861.0,8.0,1993.0,63.0,949.0,309.0
369,2027-01-10,33,6.0,4733.0,16.0,3722.0,46.0,2733.0,190.0,1479.0,615.0
370,2027-01-10,35,44.0,17397.0,107.0,13854.0,265.0,10357.0,916.0,5851.0,2623.0
371,2027-01-10,41,2.0,5379.0,7.0,4155.0,26.0,2971.0,141.0,1509.0,557.0
372,2027-01-10,42,0.0,543.0,0.0,408.0,1.0,280.0,7.0,129.0,39.0
373,2027-01-10,43,0.0,366.0,0.0,274.0,0.0,187.0,4.0,85.0,25.0
374,2027-01-10,50,3.0,4053.0,9.0,3159.0,28.0,2290.0,132.0,1201.0,472.0
375,2027-01-10,51,43.0,2787.0,75.0,2306.0,134.0,1819.0,305.0,1160.0,638.0
376,2027-01-10,52,391.0,6359.0,543.0,5476.0,770.0,4558.0,1293.0,3255.0,2123.0
377,2027-01-10,53,0.0,3808.0,3.0,2910.0,11.0,2047.0,75.0,998.0,341.0
378,2027-01-17,11,1.0,1466.0,3.0,1144.0,10.0,830.0,48.0,437.0,172.0
379,2027-01-17,12,12.0,1707.0,25.0,1389.0,51.0,1071.0,138.0,648.0,327.0
380,2027-01-17,13,6.0,1290.0,13.0,1041.0,30.0,792.0,88.0,467.0,225.0
381,2027-01-17,14,0.0,57.0,0.0,46.0,1.0,35.0,3.0,20.0,9.0
382,2027-01-17,15,41.0,824.0,59.0,705.0,86.0,581.0,152.0,407.0,259.0
383,2027-01-17,16,0.0,197.0,1.0,156.0,2.0,116.0,9.0,64.0,28.0
384,2027-01-17,17,9.0,959.0,17.0,785.0,34.0,610.0,86.0,376.0,195.0
385,2027-01-17,21,9.0,419.0,15.0,351.0,26.0,280.0,54.0,184.0,106.0
386,2027-01-17,22,20.0,177.0,25.0,156.0,33.0,134.0,49.0,102.0,72.0
387,2027-01-17,23,18.0,905.0,31.0,754.0,52.0,601.0,112.0,392.0,223.0
388,2027-01-17,24,12.0,659.0,20.0,548.0,35.0,435.0,77.0,281.0,157.0
389,2027-01-17,25,3.0,560.0,8.0,455.0,16.0,350.0,44.0,211.0,106.0
390,2027-01-17,26,2.0,1945.0,7.0,1534.0,21.0,1130.0,83.0,618.0,261.0
391,2027-01-17,27,6.0,412.0,11.0,342.0,20.0,270.0,46.0,173.0,96.0
392,2027-01-17,28,0.0,117.0,0.0,93.0,1.0,69.0,6.0,39.0,17.0
393,2027-01-17,29,122.0,1639.0,165.0,1421.0,227.0,1194.0,366.0,868.0,581.0
394,2027-01-17,31,38.0,21161.0,99.0,16747.0,260.0,12408.0,975.0,6864.0,2966.0
395,2027-01-17,32,0.0,4695.0,1.0,3532.0,7.0,2427.0,61.0,1115.0,339.0
396,2027-01-17,33,5.0,6090.0,15.0,4761.0,47.0,3465.0,213.0,1837.0,735.0
397,2027-01-17,35,47.0,23378.0,120.0,18539.0,309.0,13776.0,1126.0,7674.0,3357.0
398,2027-01-17,41,2.0,7531.0,8.0,5792.0,30.0,4114.0,176.0,2055.0,735.0
399,2027-01-17,42,0.0,746.0,0.0,554.0,0.0,372.0,6.0,162.0,44.0
400,2027-01-17,43,0.0,468.0,0.0,353.0,1.0,243.0,6.0,113.0,35.0
401,2027-01-17,50,3.0,5232.0,10.0,4071.0,34.0,2942.0,163.0,1533.0,594.0
402,2027-01-17,51,52.0,2977.0,89.0,2471.0,155.0,1957.0,342.0,1259.0,702.0
403,2027-01-17,52,439.0,7506.0,615.0,6453.0,878.0,5360.0,1490.0,3809.0,2468.0
404,2027-01-17,53,0.0,5597.0,2.0,4230.0,10.0,2928.0,83.0,1370.0,432.0
405,2027-01-24,11,1.0,1346.0,3.0,1052.0,10.0,764.0,46.0,404.0,161.0
406,2027-01-24,12,14.0,1516.0,27.0,1240.0,53.0,963.0,135.0,593.0,308.0
407,2027-01-24,13,3.0,1626.0,9.0,1292.0,23.0,963.0,81.0,540.0,239.0
408,2027-01-24,14,0.0,62.0,0.0,50.0,1.0,37.0,3.0,21.0,10.0
409,2027-01-24,15,35.0,1048.0,54.0,886.0,84.0,719.0,161.0,487.0,294.0
410,2027-01-24,16,0.0,226.0,0.0,176.0,1.0,127.0,7.0,67.0,26.0
411,2027-01-24,17,12.0,1039.0,23.0,855.0,43.0,669.0,102.0,419.0,224.0
412,2027-01-24,21,6.0,526.0,11.0,432.0,21.0,338.0,52.0,212.0,113.0
413,2027-01-24,22,22.0,210.0,28.0,184.0,37.0,158.0,56.0,119.0,84.0
414,2027-01-24,23,21.0,1065.0,36.0,888.0,61.0,707.0,131.0,460.0,261.0
415,2027-01-24,24,7.0,910.0,15.0,743.0,30.0,575.0,78.0,351.0,180.0
416,2027-01-24,25,5.0,665.0,10.0,541.0,20.0,418.0,54.0,253.0,128.0
417,2027-01-24,26,3.0,2061.0,9.0,1631.0,25.0,1208.0,95.0,668.0,288.0
418,2027-01-24,27,4.0,471.0,9.0,386.0,17.0,300.0,43.0,186.0,97.0
419,2027-01-24,28,0.0,121.0,1.0,97.0,2.0,74.0,8.0,43.0,21.0
420,2027-01-24,29,116.0,2151.0,165.0,1844.0,238.0,1527.0,412.0,1078.0,691.0
421,2027-01-24,31,27.0,29778.0,81.0,23301.0,241.0,16982.0,1064.0,9034.0,3637.0
422,2027-01-24,32,0.0,5199.0,1.0,3879.0,5.0,2632.0,53.0,1170.0,333.0
423,2027-01-24,33,5.0,7237.0,15.0,5635.0,48.0,4077.0,230.0,2131.0,830.0
424,2027-01-24,35,48.0,30924.0,128.0,24411.0,347.0,18020.0,1348.0,9883.0,4204.0
425,2027-01-24,41,2.0,9636.0,8.0,7379.0,32.0,5209.0,203.0,2563.0,891.0
426,2027-01-24,42,0.0,938.0,0.0,695.0,0.0,466.0,8.0,201.0,54.0
427,2027-01-24,43,0.0,693.0,0.0,512.0,0.0,342.0,5.0,145.0,38.0
428,2027-01-24,50,3.0,6126.0,11.0,4760.0,38.0,3434.0,186.0,1782.0,686.0
429,2027-01-24,51,60.0,3091.0,102.0,2573.0,174.0,2047.0,374.0,1329.0,751.0
430,2027-01-24,52,460.0,8864.0,657.0,7591.0,956.0,6272.0,1663.0,4410.0,2814.0
431,2027-01-24,53,0.0,8068.0,1.0,6034.0,9.0,4108.0,88.0,1843.0,534.0
432,2027-01-31,11,2.0,1276.0,5.0,1009.0,15.0,746.0,57.0,411.0,176.0
433,2027-01-31,12,11.0,1641.0,23.0,1333.0,47.0,1025.0,128.0,617.0,309.0
434,2027-01-31,13,6.0,1701.0,13.0,1363.0,32.0,1028.0,102.0,593.0,275.0
435,2027-01-31,14,0.0,74.0,0.0,58.0,0.0,42.0,2.0,22.0,9.0
436,2027-01-31,15,41.0,1244.0,63.0,1051.0,99.0,853.0,191.0,578.0,348.0
437,2027-01-31,16,0.0,331.0,1.0,260.0,3.0,191.0,13.0,104.0,43.0
438,2027-01-31,17,12.0,1184.0,23.0,971.0,44.0,756.0,109.0,468.0,245.0
439,2027-01-31,21,9.0,572.0,16.0,474.0,28.0,374.0,63.0,239.0,132.0
440,2027-01-31,22,20.0,315.0,27.0,272.0,39.0,227.0,65.0,163.0,107.0
441,2027-01-31,23,33.0,1222.0,53.0,1027.0,86.0,827.0,172.0,552.0,325.0
442,2027-01-31,24,5.0,1334.0,12.0,1071.0,27.0,811.0,84.0,471.0,222.0
443,2027-01-31,25,11.0,638.0,19.0,529.0,33.0,419.0,73.0,270.0,150.0
444,2027-01-31,26,6.0,2196.0,16.0,1755.0,38.0,1319.0,124.0,754.0,345.0
445,2027-01-31,27,5.0,529.0,10.0,434.0,20.0,338.0,49.0,210.0,110.0
446,2027-01-31,28,0.0,179.0,0.0,139.0,1.0,101.0,5.0,53.0,20.0
447,2027-01-31,29,104.0,2974.0,159.0,2516.0,246.0,2046.0,466.0,1392.0,845.0
448,2027-01-31,31,22.0,40203.0,72.0,31210.0,239.0,22482.0,1190.0,11626.0,4442.0
449,2027-01-31,32,0.0,5898.0,0.0,4374.0,4.0,2940.0,50.0,1275.0,345.0
450,2027-01-31,33,4.0,8697.0,15.0,6748.0,51.0,4858.0,255.0,2508.0,956.0
451,2027-01-31,35,78.0,36330.0,196.0,28844.0,500.0,21470.0,1795.0,12007.0,5289.0
452,2027-01-31,41,4.0,10649.0,14.0,8221.0,50.0,5873.0,274.0,2975.0,1094.0
453,2027-01-31,42,0.0,1420.0,0.0,1029.0,0.0,666.0,6.0,262.0,57.0
454,2027-01-31,43,0.0,902.0,0.0,666.0,0.0,445.0,7.0,190.0,50.0
455,2027-01-31,50,5.0,6386.0,15.0,4987.0,48.0,3625.0,218.0,1916.0,762.0
456,2027-01-31,51,78.0,3092.0,126.0,2592.0,206.0,2081.0,418.0,1378.0,803.0
457,2027-01-31,52,477.0,11147.0,702.0,9487.0,1053.0,7774.0,1910.0,5375.0,3344.0
458,2027-01-31,53,0.0,9537.0,2.0,7131.0,10.0,4855.0,104.0,2177.0,630.0
459,2027-02-07,11,2.0,1193.0,6.0,946.0,15.0,702.0,57.0,390.0,170.0
460,2027-02-07,12,9.0,1619.0,20.0,1311.0,42.0,1003.0,119.0,598.0,294.0
461,2027-02-07,13,3.0,2144.0,9.0,1694.0,25.0,1252.0,95.0,688.0,294.0
462,2027-02-07,14,0.0,89.0,0.0,69.0,0.0,50.0,2.0,26.0,10.0
463,2027-02-07,15,43.0,1146.0,64.0,971.0,99.0,792.0,185.0,542.0,331.0
464,2027-02-07,16,0.0,376.0,0.0,287.0,1.0,202.0,7.0,98.0,33.0
465,2027-02-07,17,15.0,1180.0,27.0,973.0,51.0,763.0,120.0,480.0,258.0
466,2027-02-07,21,8.0,807.0,16.0,662.0,30.0,516.0,75.0,321.0,169.0
467,2027-02-07,22,18.0,400.0,26.0,341.0,39.0,280.0,70.0,195.0,122.0
468,2027-02-07,23,34.0,1372.0,55.0,1149.0,90.0,922.0,184.0,610.0,355.0
469,2027-02-07,24,3.0,1759.0,8.0,1392.0,21.0,1031.0,80.0,570.0,246.0
470,2027-02-07,25,11.0,710.0,20.0,589.0,36.0,466.0,80.0,299.0,166.0
471,2027-02-07,26,7.0,2570.0,17.0,2051.0,42.0,1539.0,142.0,876.0,398.0
472,2027-02-07,27,7.0,572.0,13.0,471.0,25.0,370.0,58.0,233.0,126.0
473,2027-02-07,28,0.0,221.0,0.0,172.0,1.0,124.0,7.0,65.0,25.0
474,2027-02-07,29,81.0,3949.0,136.0,3292.0,230.0,2623.0,489.0,1710.0,972.0
475,2027-02-07,31,20.0,48327.0,68.0,37349.0,239.0,26727.0,1281.0,13599.0,5041.0
476,2027-02-07,32,0.0,6983.0,0.0,5148.0,4.0,3428.0,49.0,1451.0,373.0
477,2027-02-07,33,3.0,11526.0,11.0,8849.0,43.0,6271.0,259.0,3114.0,1102.0
478,2027-02-07,35,98.0,42225.0,243.0,33571.0,610.0,25037.0,2149.0,14067.0,6247.0
479,2027-02-07,41,4.0,13951.0,15.0,10733.0,57.0,7629.0,330.0,3818.0,1372.0
480,2027-02-07,42,0.0,2325.0,0.0,1685.0,0.0,1092.0,9.0,430.0,94.0
481,2027-02-07,43,0.0,1328.0,0.0,973.0,0.0,642.0,8.0,265.0,64.0
482,2027-02-07,50,6.0,6415.0,18.0,5023.0,53.0,3665.0,233.0,1954.0,790.0
483,2027-02-07,51,88.0,2935.0,137.0,2472.0,218.0,1997.0,428.0,1341.0,798.0
484,2027-02-07,52,496.0,11392.0,728.0,9701.0,1089.0,7955.0,1968.0,5508.0,3434.0
485,2027-02-07,53,0.0,9456.0,3.0,7114.0,14.0,4889.0,123.0,2247.0,683.0
486,2027-02-14,11,4.0,1124.0,9.0,901.0,21.0,681.0,68.0,393.0,184.0
487,2027-02-14,12,10.0,1544.0,21.0,1254.0,44.0,964.0,120.0,580.0,290.0
488,2027-02-14,13,3.0,2394.0,8.0,1883.0,23.0,1382.0,96.0,748.0,311.0
489,2027-02-14,14,0.0,74.0,0.0,58.0,0.0,43.0,3.0,23.0,9.0
490,2027-02-14,15,53.0,1253.0,79.0,1066.0,118.0,874.0,215.0,605.0,376.0
491,2027-02-14,16,0.0,408.0,0.0,313.0,1.0,222.0,9.0,111.0,39.0
492,2027-02-14,17,20.0,1098.0,35.0,913.0,60.0,726.0,131.0,470.0,264.0
493,2027-02-14,21,12.0,990.0,22.0,815.0,42.0,639.0,99.0,401.0,215.0
494,2027-02-14,22,19.0,458.0,29.0,390.0,44.0,320.0,79.0,222.0,138.0
495,2027-02-14,23,41.0,1597.0,66.0,1339.0,108.0,1076.0,218.0,714.0,417.0
496,2027-02-14,24,3.0,2322.0,9.0,1832.0,25.0,1351.0,100.0,739.0,313.0
497,2027-02-14,25,8.0,1040.0,17.0,849.0,34.0,657.0,89.0,402.0,206.0
498,2027-02-14,26,14.0,2523.0,29.0,2040.0,63.0,1558.0,180.0,925.0,451.0
499,2027-02-14,27,6.0,666.0,12.0,545.0,24.0,424.0,61.0,262.0,137.0
500,2027-02-14,28,0.0,249.0,0.0,193.0,1.0,139.0,7.0,72.0,28.0
501,2027-02-14,29,67.0,5363.0,122.0,4415.0,226.0,3459.0,537.0,2173.0,1165.0
502,2027-02-14,31,20.0,58417.0,71.0,45019.0,257.0,32081.0,1444.0,16156.0,5873.0
503,2027-02-14,32,0.0,8021.0,0.0,5902.0,4.0,3920.0,54.0,1646.0,417.0
504,2027-02-14,33,2.0,15121.0,9.0,11522.0,41.0,8073.0,279.0,3897.0,1306.0
505,2027-02-14,35,118.0,50881.0,294.0,40456.0,737.0,30175.0,2593.0,16958.0,7534.0
506,2027-02-14,41,4.0,18334.0,16.0,14053.0,64.0,9934.0,395.0,4903.0,1715.0
507,2027-02-14,42,0.0,3661.0,0.0,2622.0,0.0,1668.0,10.0,623.0,123.0
508,2027-02-14,43,0.0,2165.0,0.0,1580.0,0.0,1036.0,11.0,420.0,99.0
509,2027-02-14,50,9.0,6267.0,25.0,4942.0,68.0,3643.0,267.0,1992.0,842.0
510,2027-02-14,51,103.0,2836.0,156.0,2402.0,241.0,1956.0,452.0,1334.0,814.0
511,2027-02-14,52,427.0,12897.0,656.0,10891.0,1026.0,8833.0,1966.0,5977.0,3600.0
512,2027-02-14,53,0.0,9427.0,3.0,7093.0,14.0,4875.0,122.0,2241.0,682.0
513,2027-02-21,11,2.0,1018.0,6.0,812.0,16.0,608.0,55.0,345.0,156.0
514,2027-02-21,12,8.0,1408.0,17.0,1140.0,36.0,872.0,103.0,519.0,255.0
515,2027-02-21,13,1.0,2998.0,4.0,2315.0,14.0,1655.0,78.0,840.0,309.0
516,2027-02-21,14,0.0,77.0,0.0,60.0,0.0,44.0,2.0,23.0,9.0
517,2027-02-21,15,48.0,1183.0,71.0,1006.0,108.0,823.0,199.0,567.0,350.0
518,2027-02-21,16,0.0,392.0,0.0,303.0,2.0,216.0,10.0,110.0,40.0
519,2027-02-21,17,21.0,1057.0,35.0,881.0,61.0,702.0,130.0,457.0,259.0
520,2027-02-21,21,14.0,999.0,25.0,826.0,46.0,650.0,106.0,413.0,225.0
521,2027-02-21,22,18.0,535.0,28.0,453.0,44.0,368.0,84.0,251.0,152.0
522,2027-02-21,23,55.0,1664.0,84.0,1405.0,132.0,1140.0,253.0,771.0,464.0
523,2027-02-21,24,4.0,2499.0,12.0,1981.0,32.0,1470.0,118.0,817.0,355.0
524,2027-02-21,25,11.0,1110.0,22.0,910.0,42.0,709.0,103.0,440.0,231.0
525,2027-02-21,26,17.0,2626.0,34.0,2130.0,72.0,1634.0,200.0,980.0,487.0
526,2027-02-21,27,4.0,810.0,9.0,655.0,20.0,501.0,58.0,298.0,146.0
527,2027-02-21,28,0.0,214.0,0.0,168.0,2.0,123.0,8.0,66.0,27.0
528,2027-02-21,29,50.0,7275.0,102.0,5910.0,210.0,4545.0,571.0,2739.0,1372.0
529,2027-02-21,31,16.0,72419.0,64.0,55497.0,251.0,39217.0,1551.0,19342.0,6757.0
530,2027-02-21,32,0.0,9484.0,0.0,6941.0,3.0,4569.0,53.0,1875.0,452.0
531,2027-02-21,33,2.0,18189.0,9.0,13804.0,41.0,9613.0,301.0,4569.0,1486.0
532,2027-02-21,35,121.0,59324.0,309.0,47061.0,794.0,34987.0,2879.0,19512.0,8553.0
533,2027-02-21,41,7.0,19688.0,24.0,15180.0,88.0,10825.0,492.0,5460.0,1991.0
534,2027-02-21,42,0.0,5404.0,0.0,3836.0,0.0,2406.0,11.0,863.0,155.0
535,2027-02-21,43,0.0,3014.0,0.0,2198.0,1.0,1439.0,15.0,582.0,136.0
536,2027-02-21,50,11.0,5940.0,29.0,4708.0,77.0,3495.0,283.0,1943.0,847.0
537,2027-02-21,51,103.0,2643.0,154.0,2243.0,235.0,1831.0,434.0,1257.0,773.0
538,2027-02-21,52,370.0,14166.0,591.0,11882.0,962.0,9550.0,1942.0,6338.0,3707.0
539,2027-02-21,53,0.0,10333.0,3.0,7764.0,14.0,5326.0,129.0,2435.0,733.0
540,2027-02-28,11,3.0,981.0,8.0,787.0,19.0,594.0,59.0,343.0,160.0
541,2027-02-28,12,9.0,1324.0,19.0,1076.0,38.0,828.0,105.0,500.0,251.0
542,2027-02-28,13,2.0,2669.0,6.0,2081.0,18.0,1508.0,87.0,792.0,311.0
543,2027-02-28,14,0.0,110.0,0.0,84.0,0.0,59.0,2.0,28.0,9.0
544,2027-02-28,15,60.0,1155.0,86.0,989.0,125.0,817.0,217.0,575.0,367.0
545,2027-02-28,16,0.0,448.0,0.0,344.0,1.0,243.0,10.0,120.0,42.0
546,2027-02-28,17,24.0,1032.0,39.0,863.0,65.0,691.0,134.0,454.0,262.0
547,2027-02-28,21,11.0,1203.0,22.0,985.0,43.0,766.0,109.0,473.0,246.0
548,2027-02-28,22,24.0,594.0,35.0,505.0,54.0,413.0,99.0,284.0,176.0
549,2027-02-28,23,60.0,1956.0,93.0,1648.0,148.0,1333.0,289.0,897.0,535.0
550,2027-02-28,24,5.0,2920.0,14.0,2313.0,37.0,1715.0,137.0,951.0,413.0
551,2027-02-28,25,14.0,1302.0,26.0,1069.0,50.0,834.0,123.0,519.0,274.0
552,2027-02-28,26,19.0,2829.0,39.0,2298.0,80.0,1766.0,220.0,1063.0,531.0
553,2027-02-28,27,4.0,1018.0,10.0,820.0,22.0,623.0,67.0,365.0,174.0
554,2027-02-28,28,0.0,226.0,1.0,180.0,3.0,134.0,12.0,76.0,34.0
555,2027-02-28,29,44.0,8726.0,94.0,7042.0,205.0,5364.0,601.0,3164.0,1528.0
556,2027-02-28,31,22.0,76555.0,82.0,58867.0,307.0,41810.0,1789.0,20883.0,7474.0
557,2027-02-28,32,0.0,10816.0,0.0,7902.0,3.0,5189.0,57.0,2114.0,502.0
558,2027-02-28,33,2.0,19145.0,10.0,14543.0,45.0,10141.0,324.0,4837.0,1583.0
559,2027-02-28,35,127.0,70967.0,332.0,56166.0,874.0,41616.0,3274.0,23026.0,9951.0
560,2027-02-28,41,9.0,22348.0,31.0,17265.0,109.0,12348.0,587.0,6274.0,2319.0
561,2027-02-28,42,0.0,7853.0,0.0,5512.0,0.0,3394.0,10.0,1155.0,185.0
562,2027-02-28,43,0.0,4315.0,0.0,3137.0,1.0,2044.0,19.0,815.0,185.0
563,2027-02-28,50,12.0,6233.0,32.0,4943.0,82.0,3673.0,300.0,2046.0,895.0
564,2027-02-28,51,107.0,2599.0,158.0,2209.0,239.0,1807.0,437.0,1245.0,771.0
565,2027-02-28,52,375.0,15014.0,603.0,12578.0,988.0,10091.0,2016.0,6673.0,3880.0
566,2027-02-28,53,1.0,9896.0,5.0,7511.0,22.0,5231.0,164.0,2487.0,809.0
567,2027-03-07,11,1.0,1041.0,3.0,818.0,10.0,600.0,41.0,324.0,134.0
568,2027-03-07,12,5.0,1110.0,12.0,897.0,26.0,684.0,78.0,404.0,196.0
569,2027-03-07,13,1.0,2389.0,5.0,1861.0,16.0,1347.0,77.0,705.0,276.0
570,2027-03-07,14,0.0,86.0,0.0,67.0,0.0,48.0,3.0,25.0,10.0
571,2027-03-07,15,56.0,1085.0,80.0,929.0,117.0,768.0,204.0,540.0,345.0
572,2027-03-07,16,0.0,420.0,0.0,322.0,1.0,227.0,9.0,112.0,39.0
573,2027-03-07,17,43.0,739.0,61.0,636.0,87.0,529.0,147.0,376.0,244.0
574,2027-03-07,21,9.0,1153.0,19.0,940.0,37.0,727.0,98.0,444.0,227.0
575,2027-03-07,22,22.0,718.0,34.0,605.0,54.0,490.0,106.0,330.0,197.0
576,2027-03-07,23,48.0,2344.0,81.0,1955.0,137.0,1558.0,291.0,1016.0,578.0
577,2027-03-07,24,7.0,2834.0,17.0,2256.0,42.0,1685.0,148.0,951.0,425.0
578,2027-03-07,25,12.0,1453.0,25.0,1187.0,49.0,920.0,126.0,563.0,290.0
579,2027-03-07,26,23.0,2876.0,46.0,2345.0,92.0,1813.0,242.0,1105.0,564.0
580,2027-03-07,27,3.0,1246.0,7.0,992.0,19.0,741.0,65.0,419.0,187.0
581,2027-03-07,28,0.0,213.0,0.0,167.0,2.0,122.0,8.0,66.0,27.0
582,2027-03-07,29,34.0,9971.0,79.0,7987.0,185.0,6021.0,593.0,3468.0,1608.0
583,2027-03-07,31,24.0,78428.0,88.0,60354.0,325.0,42916.0,1869.0,21497.0,7736.0
584,2027-03-07,32,0.0,12249.0,0.0,8710.0,1.0,5479.0,26.0,1981.0,363.0
585,2027-03-07,33,3.0,19236.0,13.0,14671.0,54.0,10293.0,363.0,4986.0,1682.0
586,2027-03-07,35,102.0,82176.0,286.0,64629.0,806.0,47452.0,3297.0,25694.0,10683.0
587,2027-03-07,41,7.0,27025.0,28.0,20766.0,105.0,14733.0,620.0,7339.0,2613.0
588,2027-03-07,42,0.0,9514.0,0.0,6739.0,0.0,4211.0,17.0,1495.0,263.0
589,2027-03-07,43,0.0,6309.0,0.0,4544.0,1.0,2918.0,21.0,1118.0,233.0
590,2027-03-07,50,10.0,6336.0,28.0,5009.0,75.0,3706.0,285.0,2042.0,877.0
591,2027-03-07,51,99.0,2415.0,147.0,2053.0,222.0,1679.0,406.0,1157.0,716.0
592,2027-03-07,52,338.0,14776.0,552.0,12349.0,919.0,9876.0,1910.0,6487.0,3732.0
593,2027-03-07,53,1.0,9082.0,6.0,6921.0,24.0,4849.0,168.0,2341.0,785.0
594,2027-03-14,11,8.0,752.0,15.0,616.0,28.0,480.0,70.0,298.0,157.0
595,2027-03-14,12,8.0,1012.0,15.0,825.0,31.0,637.0,84.0,387.0,197.0
596,2027-03-14,13,3.0,2090.0,9.0,1650.0,24.0,1219.0,92.0,669.0,285.0
597,2027-03-14,14,0.0,109.0,0.0,85.0,0.0,62.0,3.0,32.0,13.0
598,2027-03-14,15,80.0,1093.0,108.0,947.0,150.0,795.0,242.0,577.0,386.0
599,2027-03-14,16,0.0,295.0,1.0,234.0,4.0,174.0,14.0,97.0,42.0
600,2027-03-14,17,35.0,792.0,51.0,675.0,77.0,555.0,138.0,385.0,241.0
601,2027-03-14,21,14.0,1090.0,26.0,898.0,47.0,705.0,111.0,445.0,240.0
602,2027-03-14,22,22.0,944.0,35.0,789.0,59.0,632.0,123.0,415.0,240.0
603,2027-03-14,23,70.0,2633.0,111.0,2210.0,181.0,1777.0,364.0,1182.0,693.0
604,2027-03-14,24,13.0,2932.0,28.0,2360.0,63.0,1792.0,192.0,1049.0,500.0
605,2027-03-14,25,20.0,1502.0,36.0,1239.0,67.0,973.0,156.0,615.0,333.0
606,2027-03-14,26,35.0,3080.0,65.0,2531.0,122.0,1977.0,297.0,1234.0,654.0
607,2027-03-14,27,4.0,1378.0,10.0,1101.0,23.0,827.0,78.0,473.0,216.0
608,2027-03-14,28,0.0,241.0,1.0,192.0,3.0,143.0,12.0,80.0,35.0
609,2027-03-14,29,69.0,10399.0,142.0,8441.0,292.0,6483.0,803.0,3897.0,1944.0
610,2027-03-14,31,39.0,86338.0,134.0,66833.0,456.0,47939.0,2382.0,24535.0,9195.0
611,2027-03-14,32,0.0,12557.0,0.0,9156.0,4.0,5994.0,63.0,2422.0,565.0
612,2027-03-14,33,6.0,21049.0,22.0,16179.0,83.0,11485.0,487.0,5728.0,2045.0
613,2027-03-14,35,143.0,96050.0,387.0,75774.0,1055.0,55884.0,4129.0,30583.0,12961.0
614,2027-03-14,41,10.0,31212.0,38.0,24055.0,137.0,17143.0,772.0,8635.0,3140.0
615,2027-03-14,42,0.0,14418.0,0.0,9793.0,0.0,5709.0,5.0,1654.0,183.0
616,2027-03-14,43,0.0,8430.0,0.0,6063.0,1.0,3883.0,26.0,1477.0,303.0
617,2027-03-14,50,19.0,6430.0,46.0,5139.0,111.0,3862.0,365.0,2208.0,1011.0
618,2027-03-14,51,128.0,2404.0,182.0,2061.0,264.0,1705.0,458.0,1202.0,770.0
619,2027-03-14,52,420.0,15712.0,669.0,13188.0,1084.0,10608.0,2176.0,7054.0,4137.0
620,2027-03-14,53,2.0,8924.0,10.0,6866.0,36.0,4881.0,211.0,2443.0,878.0
621,2027-03-21,11,8.0,598.0,15.0,494.0,27.0,389.0,63.0,247.0,134.0
622,2027-03-21,12,9.0,789.0,17.0,649.0,33.0,508.0,78.0,319.0,171.0
623,2027-03-21,13,4.0,1596.0,11.0,1275.0,27.0,958.0,90.0,547.0,250.0
624,2027-03-21,14,0.0,120.0,0.0,92.0,0.0,66.0,3.0,34.0,12.0
625,2027-03-21,15,56.0,1052.0,80.0,902.0,116.0,746.0,200.0,526.0,337.0
626,2027-03-21,16,0.0,249.0,1.0,196.0,2.0,144.0,10.0,78.0,32.0
627,2027-03-21,17,36.0,817.0,53.0,697.0,79.0,572.0,143.0,397.0,249.0
628,2027-03-21,21,11.0,1113.0,21.0,912.0,41.0,710.0,103.0,440.0,230.0
629,2027-03-21,22,15.0,1218.0,28.0,1004.0,52.0,787.0,124.0,496.0,267.0
630,2027-03-21,23,67.0,2773.0,109.0,2321.0,179.0,1861.0,368.0,1228.0,712.0
631,2027-03-21,24,18.0,2574.0,37.0,2092.0,75.0,1610.0,204.0,972.0,488.0
632,2027-03-21,25,20.0,1490.0,37.0,1230.0,67.0,966.0,155.0,611.0,332.0
633,2027-03-21,26,44.0,3081.0,78.0,2545.0,142.0,2003.0,327.0,1271.0,692.0
634,2027-03-21,27,3.0,1705.0,8.0,1350.0,21.0,1002.0,80.0,556.0,242.0
635,2027-03-21,28,0.0,230.0,2.0,185.0,4.0,140.0,14.0,81.0,38.0
636,2027-03-21,29,66.0,10739.0,137.0,8702.0,287.0,6667.0,803.0,3986.0,1970.0
637,2027-03-21,31,43.0,88441.0,144.0,68528.0,487.0,49226.0,2500.0,25284.0,9539.0
638,2027-03-21,32,0.0,11812.0,0.0,8636.0,4.0,5677.0,64.0,2319.0,554.0
639,2027-03-21,33,7.0,20521.0,25.0,15822.0,92.0,11283.0,513.0,5693.0,2076.0
640,2027-03-21,35,130.0,106623.0,365.0,83829.0,1033.0,61519.0,4246.0,33272.0,13805.0
641,2027-03-21,41,11.0,34888.0,42.0,26884.0,153.0,19154.0,859.0,9641.0,3502.0
642,2027-03-21,42,0.0,19896.0,0.0,13599.0,0.0,8012.0,9.0,2395.0,285.0
643,2027-03-21,43,0.0,10777.0,0.0,7703.0,1.0,4885.0,27.0,1808.0,349.0
644,2027-03-21,50,28.0,5853.0,62.0,4721.0,135.0,3594.0,400.0,2117.0,1021.0
645,2027-03-21,51,132.0,2269.0,185.0,1951.0,265.0,1620.0,450.0,1151.0,746.0
646,2027-03-21,52,456.0,15054.0,710.0,12680.0,1127.0,10248.0,2204.0,6883.0,4099.0
647,2027-03-21,53,3.0,8529.0,12.0,6590.0,41.0,4714.0,224.0,2396.0,886.0
648,2027-03-28,11,7.0,531.0,13.0,438.0,23.0,344.0,55.0,218.0,118.0
649,2027-03-28,12,7.0,668.0,14.0,549.0,27.0,430.0,65.0,268.0,143.0
650,2027-03-28,13,5.0,1266.0,12.0,1018.0,26.0,772.0,81.0,450.0,213.0
651,2027-03-28,14,0.0,110.0,0.0,84.0,0.0,59.0,2.0,29.0,10.0
652,2027-03-28,15,49.0,878.0,69.0,754.0,100.0,625.0,171.0,443.0,285.0
653,2027-03-28,16,0.0,288.0,0.0,225.0,2.0,164.0,10.0,87.0,34.0
654,2027-03-28,17,31.0,778.0,46.0,661.0,70.0,540.0,129.0,371.0,229.0
655,2027-03-28,21,9.0,1051.0,18.0,859.0,35.0,666.0,92.0,409.0,211.0
656,2027-03-28,22,11.0,1385.0,22.0,1129.0,44.0,872.0,115.0,531.0,270.0
657,2027-03-28,23,65.0,3186.0,108.0,2654.0,183.0,2114.0,392.0,1376.0,781.0
658,2027-03-28,24,19.0,2305.0,38.0,1881.0,75.0,1455.0,196.0,889.0,456.0
659,2027-03-28,25,19.0,1498.0,35.0,1234.0,64.0,968.0,152.0,609.0,327.0
660,2027-03-28,26,44.0,2924.0,78.0,2418.0,139.0,1906.0,317.0,1214.0,665.0
661,2027-03-28,27,2.0,1800.0,7.0,1420.0,20.0,1048.0,77.0,574.0,243.0
662,2027-03-28,28,0.0,233.0,2.0,187.0,4.0,141.0,14.0,81.0,38.0
663,2027-03-28,29,81.0,9567.0,158.0,7805.0,313.0,6039.0,814.0,3689.0,1890.0
664,2027-03-28,31,65.0,76059.0,196.0,59459.0,594.0,43273.0,2657.0,22943.0,9180.0
665,2027-03-28,32,0.0,10601.0,1.0,7840.0,7.0,5248.0,83.0,2251.0,595.0
666,2027-03-28,33,11.0,18368.0,35.0,14274.0,113.0,10298.0,557.0,5345.0,2056.0
667,2027-03-28,35,161.0,101714.0,431.0,80327.0,1161.0,59333.0,4476.0,32588.0,13901.0
668,2027-03-28,41,13.0,35124.0,46.0,27104.0,163.0,19351.0,897.0,9791.0,3591.0
669,2027-03-28,42,0.0,22100.0,0.0,15251.0,0.0,9132.0,15.0,2864.0,381.0
670,2027-03-28,43,0.0,12701.0,0.0,9081.0,1.0,5762.0,32.0,2136.0,413.0
671,2027-03-28,50,30.0,5350.0,63.0,4327.0,135.0,3307.0,386.0,1966.0,962.0
672,2027-03-28,51,124.0,2030.0,173.0,1748.0,245.0,1455.0,412.0,1039.0,677.0
673,2027-03-28,52,488.0,13608.0,739.0,11518.0,1140.0,9371.0,2149.0,6382.0,3882.0
674,2027-03-28,53,7.0,6536.0,21.0,5133.0,60.0,3760.0,253.0,2025.0,834.0
675,2027-04-04,11,11.0,461.0,18.0,387.0,30.0,310.0,62.0,205.0,119.0
676,2027-04-04,12,8.0,570.0,15.0,472.0,27.0,372.0,62.0,238.0,131.0
677,2027-04-04,13,6.0,1150.0,13.0,930.0,29.0,711.0,82.0,422.0,206.0
678,2027-04-04,14,0.0,148.0,0.0,112.0,0.0,78.0,2.0,37.0,12.0
679,2027-04-04,15,52.0,895.0,73.0,770.0,105.0,640.0,178.0,455.0,295.0
680,2027-04-04,16,0.0,305.0,1.0,242.0,4.0,179.0,14.0,99.0,43.0
681,2027-04-04,17,36.0,788.0,52.0,673.0,78.0,553.0,139.0,385.0,241.0
682,2027-04-04,21,13.0,991.0,23.0,817.0,43.0,641.0,101.0,404.0,218.0
683,2027-04-04,22,15.0,1492.0,29.0,1224.0,56.0,954.0,139.0,592.0,311.0
684,2027-04-04,23,90.0,3888.0,147.0,3251.0,244.0,2601.0,506.0,1711.0,986.0
685,2027-04-04,24,31.0,2581.0,58.0,2124.0,107.0,1663.0,256.0,1043.0,558.0
686,2027-04-04,25,28.0,1520.0,48.0,1263.0,83.0,1003.0,180.0,649.0,364.0
687,2027-04-04,26,54.0,3231.0,93.0,2679.0,164.0,2120.0,366.0,1360.0,754.0
688,2027-04-04,27,7.0,1668.0,16.0,1344.0,37.0,1021.0,111.0,599.0,287.0
689,2027-04-04,28,0.0,280.0,2.0,224.0,5.0,168.0,16.0,96.0,44.0
690,2027-04-04,29,90.0,10423.0,175.0,8508.0,346.0,6587.0,895.0,4030.0,2069.0
691,2027-04-04,31,80.0,81138.0,235.0,63578.0,693.0,46429.0,2992.0,24818.0,10080.0
692,2027-04-04,32,0.0,10743.0,1.0,7927.0,6.0,5287.0,78.0,2246.0,582.0
693,2027-04-04,33,12.0,20900.0,38.0,16231.0,126.0,11699.0,624.0,6059.0,2321.0
694,2027-04-04,35,169.0,110890.0,454.0,87512.0,1234.0,64574.0,4805.0,35381.0,15027.0
695,2027-04-04,41,13.0,37538.0,47.0,28949.0,170.0,20651.0,944.0,10426.0,3808.0
696,2027-04-04,42,0.0,24770.0,0.0,17143.0,0.0,10313.0,19.0,3280.0,450.0
697,2027-04-04,43,0.0,15762.0,0.0,11180.0,1.0,7002.0,30.0,2502.0,446.0
698,2027-04-04,50,36.0,4870.0,72.0,3962.0,146.0,3053.0,393.0,1849.0,933.0
699,2027-04-04,51,116.0,2155.0,165.0,1848.0,238.0,1529.0,412.0,1079.0,692.0
700,2027-04-04,52,457.0,15291.0,713.0,12875.0,1135.0,10400.0,2225.0,6977.0,4148.0
701,2027-04-04,53,7.0,6853.0,21.0,5378.0,62.0,3936.0,261.0,2115.0,867.0
702,2027-04-11,11,6.0,451.0,11.0,373.0,21.0,294.0,48.0,187.0,102.0
703,2027-04-11,12,9.0,457.0,16.0,381.0,27.0,304.0,57.0,198.0,113.0
704,2027-04-11,13,9.0,887.0,18.0,728.0,34.0,568.0,84.0,353.0,186.0
705,2027-04-11,14,0.0,112.0,0.0,86.0,0.0,61.0,2.0,30.0,11.0
706,2027-04-11,15,55.0,754.0,74.0,653.0,103.0,548.0,167.0,398.0,266.0
707,2027-04-11,16,0.0,221.0,1.0,177.0,4.0,133.0,13.0,76.0,35.0
708,2027-04-11,17,38.0,771.0,55.0,660.0,81.0,545.0,143.0,382.0,243.0
709,2027-04-11,21,13.0,922.0,23.0,762.0,42.0,600.0,98.0,381.0,208.0
710,2027-04-11,22,23.0,1487.0,40.0,1231.0,72.0,971.0,163.0,620.0,341.0
711,2027-04-11,23,103.0,4131.0,166.0,3461.0,273.0,2777.0,556.0,1837.0,1069.0
712,2027-04-11,24,43.0,2596.0,75.0,2152.0,131.0,1703.0,293.0,1092.0,605.0
713,2027-04-11,25,38.0,1505.0,62.0,1262.0,101.0,1014.0,205.0,672.0,392.0
714,2027-04-11,26,56.0,3154.0,96.0,2620.0,167.0,2077.0,367.0,1339.0,749.0
715,2027-04-11,27,7.0,1807.0,17.0,1453.0,38.0,1102.0,117.0,643.0,305.0
716,2027-04-11,28,1.0,256.0,3.0,208.0,7.0,160.0,20.0,97.0,48.0
717,2027-04-11,29,104.0,9644.0,195.0,7912.0,369.0,6168.0,907.0,3832.0,2019.0
718,2027-04-11,31,97.0,76924.0,271.0,60515.0,762.0,44449.0,3105.0,24090.0,10033.0
719,2027-04-11,32,0.0,9823.0,1.0,7247.0,5.0,4831.0,71.0,2050.0,530.0
720,2027-04-11,33,10.0,20801.0,35.0,16126.0,117.0,11593.0,595.0,5966.0,2259.0
721,2027-04-11,35,152.0,114337.0,420.0,90025.0,1170.0,66207.0,4707.0,35991.0,15071.0
722,2027-04-11,41,13.0,37365.0,48.0,28822.0,171.0,20566.0,945.0,10391.0,3801.0
723,2027-04-11,42,0.0,26351.0,0.0,18294.0,0.0,11063.0,23.0,3573.0,508.0
724,2027-04-11,43,0.0,17686.0,0.0,12538.0,1.0,7846.0,33.0,2797.0,497.0
725,2027-04-11,50,32.0,4846.0,66.0,3933.0,136.0,3021.0,374.0,1816.0,906.0
726,2027-04-11,51,107.0,2279.0,155.0,1945.0,229.0,1600.0,408.0,1115.0,702.0
727,2027-04-11,52,483.0,14320.0,739.0,12100.0,1153.0,9821.0,2201.0,6655.0,4017.0
728,2027-04-11,53,11.0,6676.0,29.0,5278.0,79.0,3905.0,301.0,2152.0,924.0
729,2027-04-18,11,7.0,381.0,12.0,317.0,22.0,253.0,47.0,164.0,93.0
730,2027-04-18,12,11.0,369.0,17.0,311.0,27.0,252.0,54.0,169.0,101.0
731,2027-04-18,13,15.0,664.0,25.0,555.0,41.0,444.0,86.0,292.0,168.0
732,2027-04-18,14,0.0,129.0,0.0,98.0,0.0,68.0,2.0,32.0,10.0
733,2027-04-18,15,47.0,661.0,64.0,572.0,89.0,480.0,145.0,348.0,231.0
734,2027-04-18,16,0.0,210.0,1.0,168.0,3.0,127.0,12.0,73.0,33.0
735,2027-04-18,17,36.0,748.0,52.0,639.0,77.0,527.0,136.0,369.0,233.0
736,2027-04-18,21,13.0,1011.0,24.0,834.0,43.0,654.0,103.0,412.0,222.0
737,2027-04-18,22,20.0,1663.0,37.0,1368.0,68.0,1071.0,164.0,671.0,358.0
738,2027-04-18,23,101.0,4480.0,166.0,3743.0,276.0,2992.0,576.0,1964.0,1128.0
739,2027-04-18,24,46.0,2540.0,79.0,2111.0,136.0,1675.0,298.0,1081.0,606.0
740,2027-04-18,25,52.0,1396.0,79.0,1184.0,121.0,965.0,226.0,661.0,405.0
741,2027-04-18,26,78.0,3109.0,126.0,2605.0,206.0,2091.0,419.0,1384.0,806.0
742,2027-04-18,27,10.0,1843.0,21.0,1490.0,46.0,1138.0,132.0,676.0,330.0
743,2027-04-18,28,1.0,235.0,3.0,192.0,7.0,148.0,19.0,90.0,46.0
744,2027-04-18,29,99.0,9062.0,185.0,7437.0,350.0,5800.0,857.0,3608.0,1903.0
745,2027-04-18,31,124.0,64802.0,320.0,51345.0,832.0,38107.0,3065.0,21167.0,9212.0
746,2027-04-18,32,0.0,9131.0,1.0,6760.0,6.0,4532.0,74.0,1953.0,521.0
747,2027-04-18,33,11.0,18309.0,37.0,14245.0,119.0,10295.0,571.0,5366.0,2081.0
748,2027-04-18,35,170.0,107016.0,454.0,84519.0,1224.0,62434.0,4716.0,34299.0,14636.0
749,2027-04-18,41,11.0,35447.0,40.0,27285.0,148.0,19408.0,850.0,9730.0,3507.0
750,2027-04-18,42,0.0,26476.0,0.0,18428.0,0.0,11191.0,25.0,3659.0,535.0
751,2027-04-18,43,0.0,18674.0,0.0,13104.0,0.0,8066.0,24.0,2742.0,438.0
752,2027-04-18,50,34.0,4215.0,68.0,3437.0,135.0,2657.0,355.0,1620.0,827.0
753,2027-04-18,51,61.0,2566.0,99.0,2147.0,164.0,1720.0,338.0,1133.0,655.0
754,2027-04-18,52,458.0,14098.0,705.0,11899.0,1106.0,9643.0,2130.0,6514.0,3914.0
755,2027-04-18,53,11.0,6094.0,30.0,4828.0,77.0,3582.0,287.0,1989.0,864.0
756,2027-04-25,11,6.0,326.0,10.0,271.0,18.0,216.0,39.0,140.0,79.0
757,2027-04-25,12,5.0,367.0,10.0,304.0,18.0,240.0,40.0,153.0,85.0
758,2027-04-25,13,13.0,538.0,21.0,451.0,35.0,362.0,72.0,239.0,139.0
759,2027-04-25,14,0.0,110.0,0.0,85.0,0.0,61.0,3.0,31.0,11.0
760,2027-04-25,15,44.0,574.0,59.0,498.0,81.0,419.0,130.0,306.0,206.0
761,2027-04-25,16,0.0,166.0,1.0,134.0,4.0,102.0,11.0,60.0,29.0
762,2027-04-25,17,41.0,686.0,58.0,591.0,82.0,492.0,139.0,351.0,229.0
763,2027-04-25,21,19.0,791.0,31.0,663.0,51.0,532.0,106.0,351.0,204.0
764,2027-04-25,22,25.0,1616.0,44.0,1338.0,79.0,1056.0,178.0,675.0,372.0
765,2027-04-25,23,92.0,4750.0,155.0,3953.0,265.0,3143.0,572.0,2039.0,1150.0
766,2027-04-25,24,51.0,2475.0,85.0,2063.0,144.0,1644.0,307.0,1072.0,610.0
767,2027-04-25,25,64.0,1304.0,92.0,1115.0,135.0,919.0,238.0,643.0,407.0
768,2027-04-25,26,83.0,2860.0,130.0,2406.0,208.0,1942.0,411.0,1300.0,771.0
769,2027-04-25,27,12.0,1847.0,25.0,1499.0,51.0,1151.0,142.0,692.0,345.0
770,2027-04-25,28,2.0,197.0,5.0,163.0,9.0,128.0,21.0,81.0,44.0
771,2027-04-25,29,140.0,7771.0,239.0,6455.0,414.0,5119.0,907.0,3302.0,1847.0
772,2027-04-25,31,135.0,57859.0,335.0,46006.0,839.0,34317.0,2951.0,19289.0,8572.0
773,2027-04-25,32,0.0,8291.0,1.0,6153.0,6.0,4140.0,72.0,1801.0,490.0
774,2027-04-25,33,16.0,16150.0,47.0,12656.0,138.0,9243.0,597.0,4942.0,2008.0
775,2027-04-25,35,128.0,104214.0,359.0,81948.0,1016.0,60152.0,4165.0,32551.0,13519.0
776,2027-04-25,41,12.0,29376.0,41.0,22701.0,145.0,16243.0,777.0,8262.0,3061.0
777,2027-04-25,42,0.0,23235.0,0.0,16299.0,0.0,10027.0,30.0,3403.0,542.0
778,2027-04-25,43,0.0,17317.0,0.0,12215.0,1.0,7582.0,27.0,2641.0,445.0
779,2027-04-25,50,29.0,3762.0,58.0,3064.0,117.0,2365.0,310.0,1437.0,730.0
780,2027-04-25,51,58.0,2419.0,95.0,2025.0,156.0,1623.0,321.0,1071.0,621.0
781,2027-04-25,52,481.0,13847.0,732.0,11710.0,1136.0,9514.0,2156.0,6463.0,3915.0
782,2027-04-25,53,16.0,5334.0,38.0,4263.0,92.0,3203.0,303.0,1832.0,839.0
783,2027-05-02,11,7.0,303.0,11.0,254.0,19.0,203.0,39.0,134.0,77.0
784,2027-05-02,12,9.0,309.0,14.0,260.0,23.0,211.0,45.0,142.0,84.0
785,2027-05-02,13,16.0,466.0,25.0,394.0,39.0,321.0,74.0,219.0,133.0
786,2027-05-02,14,0.0,136.0,0.0,102.0,0.0,70.0,1.0,32.0,9.0
787,2027-05-02,15,68.0,488.0,84.0,434.0,106.0,377.0,150.0,292.0,213.0
788,2027-05-02,16,0.0,162.0,1.0,131.0,3.0,100.0,11.0,59.0,28.0
789,2027-05-02,17,40.0,680.0,56.0,585.0,80.0,486.0,136.0,346.0,225.0
790,2027-05-02,21,24.0,617.0,37.0,524.0,56.0,428.0,103.0,295.0,182.0
791,2027-05-02,22,32.0,1404.0,53.0,1174.0,88.0,940.0,183.0,619.0,357.0
792,2027-05-02,23,92.0,5147.0,157.0,4275.0,273.0,3390.0,599.0,2186.0,1222.0
793,2027-05-02,24,57.0,2428.0,93.0,2031.0,154.0,1626.0,318.0,1071.0,619.0
794,2027-05-02,25,52.0,1551.0,80.0,1310.0,124.0,1063.0,238.0,721.0,435.0
795,2027-05-02,26,86.0,2994.0,135.0,2519.0,216.0,2031.0,428.0,1359.0,804.0
796,2027-05-02,27,12.0,2172.0,25.0,1756.0,54.0,1341.0,156.0,797.0,389.0
797,2027-05-02,28,2.0,242.0,5.0,199.0,10.0,156.0,24.0,97.0,52.0
798,2027-05-02,29,148.0,7392.0,248.0,6157.0,422.0,4901.0,903.0,3187.0,1805.0
799,2027-05-02,31,128.0,51500.0,314.0,40998.0,778.0,30634.0,2694.0,17287.0,7736.0
800,2027-05-02,32,0.0,8235.0,1.0,6097.0,5.0,4088.0,67.0,1761.0,470.0
801,2027-05-02,33,18.0,14257.0,50.0,11215.0,140.0,8236.0,574.0,4462.0,1857.0
802,2027-05-02,35,96.0,99828.0,283.0,78186.0,838.0,57058.0,3642.0,30449.0,12330.0
803,2027-05-02,41,7.0,30437.0,26.0,23318.0,104.0,16471.0,647.0,8115.0,2829.0
804,2027-05-02,42,0.0,22220.0,0.0,15485.0,0.0,9423.0,22.0,3100.0,459.0
805,2027-05-02,43,0.0,14860.0,0.0,10480.0,0.0,6504.0,23.0,2264.0,381.0
806,2027-05-02,50,21.0,3686.0,45.0,2984.0,96.0,2284.0,271.0,1361.0,670.0
807,2027-05-02,51,49.0,2468.0,82.0,2056.0,140.0,1636.0,301.0,1064.0,602.0
808,2027-05-02,52,517.0,13443.0,774.0,11403.0,1182.0,9303.0,2193.0,6374.0,3912.0
809,2027-05-02,53,24.0,4737.0,52.0,3824.0,113.0,2915.0,329.0,1722.0,834.0
810,2027-05-09,11,6.0,276.0,10.0,231.0,17.0,185.0,36.0,122.0,70.0
811,2027-05-09,12,8.0,274.0,13.0,231.0,21.0,187.0,41.0,126.0,76.0
812,2027-05-09,13,14.0,449.0,22.0,379.0,34.0,307.0,67.0,207.0,124.0
813,2027-05-09,14,0.0,139.0,0.0,106.0,0.0,74.0,2.0,36.0,12.0
814,2027-05-09,15,60.0,477.0,75.0,423.0,96.0,365.0,140.0,280.0,202.0
815,2027-05-09,16,0.0,205.0,1.0,162.0,2.0,121.0,10.0,67.0,29.0
816,2027-05-09,17,38.0,619.0,53.0,533.0,75.0,444.0,126.0,317.0,207.0
817,2027-05-09,21,30.0,480.0,41.0,413.0,59.0,345.0,98.0,247.0,161.0
818,2027-05-09,22,44.0,1388.0,68.0,1171.0,108.0,948.0,208.0,640.0,384.0
819,2027-05-09,23,74.0,5902.0,135.0,4860.0,249.0,3807.0,591.0,2392.0,1282.0
820,2027-05-09,24,63.0,2223.0,100.0,1870.0,160.0,1508.0,317.0,1008.0,596.0
821,2027-05-09,25,59.0,1600.0,90.0,1356.0,138.0,1105.0,258.0,756.0,462.0
822,2027-05-09,26,110.0,2761.0,164.0,2345.0,250.0,1916.0,459.0,1318.0,813.0
823,2027-05-09,27,15.0,2258.0,31.0,1833.0,63.0,1408.0,175.0,847.0,422.0
824,2027-05-09,28,5.0,231.0,8.0,193.0,14.0,154.0,29.0,101.0,58.0
825,2027-05-09,29,153.0,7012.0,253.0,5853.0,424.0,4674.0,890.0,3060.0,1751.0
826,2027-05-09,31,111.0,44127.0,273.0,35139.0,673.0,26267.0,2323.0,14838.0,6652.0
827,2027-05-09,32,0.0,8038.0,1.0,5974.0,6.0,4029.0,73.0,1762.0,485.0
828,2027-05-09,33,18.0,13331.0,50.0,10503.0,139.0,7732.0,557.0,4213.0,1771.0
829,2027-05-09,35,51.0,98791.0,170.0,76625.0,566.0,55126.0,2862.0,28418.0,10795.0
830,2027-05-09,41,4.0,29139.0,17.0,22183.0,75.0,15521.0,524.0,7466.0,2485.0
831,2027-05-09,42,0.0,22601.0,0.0,15511.0,0.0,9201.0,12.0,2808.0,350.0
832,2027-05-09,43,0.0,13076.0,0.0,9141.0,0.0,5591.0,15.0,1866.0,286.0
833,2027-05-09,50,18.0,3154.0,37.0,2552.0,80.0,1951.0,228.0,1160.0,569.0
834,2027-05-09,51,42.0,2423.0,72.0,2011.0,126.0,1593.0,278.0,1025.0,571.0
835,2027-05-09,52,478.0,12396.0,716.0,10516.0,1092.0,8581.0,2025.0,5880.0,3610.0
836,2027-05-09,53,33.0,4111.0,65.0,3350.0,129.0,2587.0,341.0,1574.0,801.0
837,2027-05-16,11,6.0,231.0,9.0,194.0,16.0,156.0,32.0,104.0,61.0
838,2027-05-16,12,8.0,223.0,13.0,189.0,19.0,154.0,36.0,106.0,65.0
839,2027-05-16,13,14.0,406.0,21.0,343.0,33.0,279.0,63.0,190.0,115.0
840,2027-05-16,14,0.0,179.0,0.0,133.0,0.0,90.0,2.0,40.0,11.0
841,2027-05-16,15,51.0,408.0,64.0,362.0,82.0,312.0,119.0,239.0,172.0
842,2027-05-16,16,0.0,163.0,1.0,131.0,3.0,99.0,10.0,58.0,27.0
843,2027-05-16,17,43.0,563.0,58.0,489.0,79.0,411.0,127.0,300.0,201.0
844,2027-05-16,21,25.0,475.0,36.0,407.0,52.0,337.0,91.0,238.0,153.0
845,2027-05-16,22,55.0,1197.0,80.0,1021.0,119.0,839.0,212.0,584.0,367.0
846,2027-05-16,23,76.0,5767.0,138.0,4754.0,252.0,3731.0,591.0,2353.0,1269.0
847,2027-05-16,24,50.0,2386.0,83.0,1990.0,140.0,1587.0,298.0,1036.0,590.0
848,2027-05-16,25,64.0,1627.0,95.0,1381.0,145.0,1128.0,268.0,775.0,477.0
849,2027-05-16,26,99.0,2818.0,151.0,2385.0,233.0,1939.0,442.0,1319.0,800.0
850,2027-05-16,27,17.0,2300.0,34.0,1872.0,70.0,1443.0,187.0,875.0,442.0
851,2027-05-16,28,4.0,244.0,8.0,204.0,14.0,162.0,30.0,105.0,60.0
852,2027-05-16,29,133.0,6246.0,220.0,5211.0,371.0,4157.0,784.0,2716.0,1550.0
853,2027-05-16,31,91.0,35248.0,222.0,28081.0,546.0,21005.0,1874.0,11884.0,5342.0
854,2027-05-16,32,0.0,7157.0,1.0,5320.0,6.0,3589.0,65.0,1572.0,434.0
855,2027-05-16,33,20.0,10745.0,53.0,8515.0,138.0,6321.0,510.0,3513.0,1530.0
856,2027-05-16,35,33.0,87341.0,116.0,67424.0,412.0,48167.0,2252.0,24407.0,8977.0
857,2027-05-16,41,2.0,23214.0,11.0,17604.0,50.0,12245.0,376.0,5804.0,1876.0
858,2027-05-16,42,0.0,19249.0,0.0,13165.0,0.0,7765.0,9.0,2329.0,279.0
859,2027-05-16,43,0.0,13926.0,0.0,9475.0,0.0,5540.0,5.0,1619.0,183.0
860,2027-05-16,50,14.0,2438.0,29.0,1973.0,63.0,1510.0,178.0,899.0,441.0
861,2027-05-16,51,34.0,2214.0,60.0,1832.0,107.0,1446.0,242.0,922.0,507.0
862,2027-05-16,52,440.0,10494.0,650.0,8925.0,978.0,7308.0,1782.0,5044.0,3130.0
863,2027-05-16,53,21.0,4143.0,45.0,3343.0,98.0,2548.0,287.0,1504.0,727.0
864,2027-05-23,11,3.0,196.0,6.0,163.0,10.0,130.0,23.0,84.0,47.0
865,2027-05-23,12,8.0,195.0,12.0,166.0,18.0,136.0,33.0,94.0,58.0
866,2027-05-23,13,16.0,316.0,24.0,271.0,35.0,224.0,60.0,158.0,101.0
867,2027-05-23,14,0.0,245.0,0.0,182.0,0.0,123.0,2.0,54.0,15.0
868,2027-05-23,15,38.0,345.0,49.0,304.0,64.0,261.0,95.0,197.0,140.0
869,2027-05-23,16,0.0,146.0,1.0,117.0,2.0,87.0,7.0,49.0,22.0
870,2027-05-23,17,26.0,525.0,38.0,450.0,56.0,372.0,98.0,261.0,166.0
871,2027-05-23,21,22.0,409.0,31.0,351.0,45.0,291.0,78.0,205.0,132.0
872,2027-05-23,22,46.0,1019.0,67.0,868.0,100.0,713.0,179.0,496.0,311.0
873,2027-05-23,23,79.0,4700.0,137.0,3897.0,240.0,3084.0,534.0,1980.0,1099.0
874,2027-05-23,24,40.0,2247.0,68.0,1866.0,119.0,1479.0,261.0,953.0,532.0
875,2027-05-23,25,67.0,1338.0,97.0,1145.0,142.0,945.0,248.0,663.0,422.0
876,2027-05-23,26,86.0,2588.0,132.0,2186.0,207.0,1774.0,396.0,1201.0,724.0
877,2027-05-23,27,14.0,2242.0,29.0,1818.0,61.0,1394.0,169.0,835.0,414.0
878,2027-05-23,28,4.0,247.0,7.0,205.0,13.0,162.0,28.0,105.0,58.0
879,2027-05-23,29,117.0,5364.0,193.0,4478.0,324.0,3576.0,680.0,2341.0,1340.0
880,2027-05-23,31,65.0,26557.0,159.0,21134.0,396.0,15784.0,1379.0,8897.0,3973.0
881,2027-05-23,32,0.0,5884.0,1.0,4408.0,7.0,3010.0,68.0,1360.0,400.0
882,2027-05-23,33,14.0,8762.0,39.0,6926.0,103.0,5123.0,394.0,2823.0,1211.0
883,2027-05-23,35,20.0,64762.0,74.0,49860.0,273.0,35478.0,1561.0,17801.0,6426.0
884,2027-05-23,41,2.0,15051.0,10.0,11476.0,41.0,8048.0,282.0,3895.0,1311.0
885,2027-05-23,42,0.0,11218.0,0.0,7817.0,0.0,4756.0,11.0,1564.0,232.0
886,2027-05-23,43,0.0,7193.0,0.0,4990.0,0.0,3014.0,6.0,970.0,137.0
887,2027-05-23,50,12.0,1737.0,25.0,1412.0,51.0,1088.0,139.0,658.0,331.0
888,2027-05-23,51,31.0,1897.0,54.0,1573.0,95.0,1244.0,214.0,797.0,442.0
889,2027-05-23,52,367.0,8535.0,539.0,7265.0,809.0,5954.0,1466.0,4119.0,2564.0
890,2027-05-23,53,16.0,3712.0,36.0,2989.0,81.0,2270.0,245.0,1330.0,635.0
891,2027-05-30,11,4.0,177.0,7.0,149.0,12.0,119.0,24.0,79.0,46.0
892,2027-05-30,12,9.0,169.0,13.0,145.0,19.0,120.0,32.0,85.0,54.0
893,2027-05-30,13,17.0,285.0,24.0,245.0,34.0,204.0,58.0,146.0,95.0
894,2027-05-30,14,0.0,284.0,0.0,212.0,0.0,144.0,3.0,64.0,18.0
895,2027-05-30,15,37.0,290.0,46.0,257.0,59.0,222.0,85.0,170.0,123.0
896,2027-05-30,16,0.0,135.0,1.0,109.0,2.0,82.0,8.0,48.0,23.0
897,2027-05-30,17,25.0,436.0,36.0,375.0,51.0,312.0,87.0,222.0,144.0
898,2027-05-30,21,17.0,360.0,25.0,308.0,37.0,254.0,66.0,178.0,113.0
899,2027-05-30,22,50.0,881.0,71.0,757.0,102.0,629.0,174.0,446.0,289.0
900,2027-05-30,23,75.0,4000.0,127.0,3326.0,218.0,2641.0,474.0,1708.0,960.0
901,2027-05-30,24,35.0,2154.0,62.0,1785.0,109.0,1412.0,243.0,905.0,501.0
902,2027-05-30,25,66.0,1321.0,94.0,1130.0,138.0,932.0,243.0,653.0,415.0
903,2027-05-30,26,73.0,2563.0,115.0,2155.0,185.0,1738.0,366.0,1162.0,687.0
904,2027-05-30,27,16.0,2193.0,33.0,1785.0,67.0,1377.0,179.0,836.0,423.0
905,2027-05-30,28,3.0,246.0,6.0,203.0,11.0,159.0,25.0,101.0,54.0
906,2027-05-30,29,118.0,4523.0,189.0,3794.0,308.0,3050.0,621.0,2025.0,1185.0
907,2027-05-30,31,65.0,17965.0,150.0,14406.0,345.0,10876.0,1092.0,6286.0,2933.0
908,2027-05-30,32,0.0,5585.0,1.0,4160.0,5.0,2816.0,54.0,1244.0,349.0
909,2027-05-30,33,18.0,6460.0,43.0,5153.0,104.0,3861.0,352.0,2193.0,993.0
910,2027-05-30,35,21.0,42549.0,71.0,32981.0,237.0,23705.0,1213.0,12191.0,4611.0
911,2027-05-30,41,1.0,9897.0,6.0,7539.0,26.0,5280.0,181.0,2545.0,851.0
912,2027-05-30,42,0.0,8145.0,0.0,5643.0,0.0,3400.0,6.0,1087.0,151.0
913,2027-05-30,43,0.0,4891.0,0.0,3403.0,0.0,2064.0,4.0,673.0,98.0
914,2027-05-30,50,8.0,1440.0,17.0,1165.0,37.0,891.0,105.0,530.0,260.0
915,2027-05-30,51,35.0,1406.0,56.0,1178.0,92.0,945.0,189.0,625.0,364.0
916,2027-05-30,52,335.0,6772.0,482.0,5790.0,707.0,4774.0,1243.0,3343.0,2120.0
917,2027-05-30,53,16.0,3294.0,35.0,2658.0,77.0,2025.0,227.0,1195.0,577.0
918,2027-06-06,11,5.0,153.0,7.0,130.0,12.0,105.0,23.0,71.0,43.0
919,2027-06-06,12,3.0,186.0,6.0,155.0,10.0,123.0,22.0,80.0,45.0
920,2027-06-06,13,15.0,299.0,22.0,256.0,32.0,212.0,56.0,149.0,95.0
921,2027-06-06,14,0.0,305.0,0.0,222.0,0.0,145.0,1.0,58.0,13.0
922,2027-06-06,15,24.0,303.0,33.0,264.0,45.0,223.0,71.0,164.0,111.0
923,2027-06-06,16,0.0,157.0,0.0,124.0,1.0,91.0,6.0,49.0,20.0
924,2027-06-06,17,22.0,360.0,30.0,310.0,43.0,258.0,73.0,185.0,120.0
925,2027-06-06,21,16.0,334.0,23.0,285.0,34.0,235.0,61.0,165.0,104.0
926,2027-06-06,22,45.0,790.0,63.0,678.0,91.0,563.0,155.0,399.0,258.0
927,2027-06-06,23,83.0,3552.0,135.0,2971.0,224.0,2378.0,464.0,1564.0,902.0
928,2027-06-06,24,31.0,2060.0,55.0,1705.0,99.0,1344.0,224.0,857.0,470.0
929,2027-06-06,25,62.0,1203.0,89.0,1031.0,130.0,852.0,226.0,599.0,382.0
930,2027-06-06,26,77.0,2334.0,119.0,1972.0,186.0,1600.0,357.0,1083.0,653.0
931,2027-06-06,27,21.0,2071.0,40.0,1697.0,76.0,1321.0,190.0,817.0,428.0
932,2027-06-06,28,3.0,263.0,6.0,217.0,12.0,171.0,28.0,109.0,59.0
933,2027-06-06,29,107.0,3909.0,170.0,3284.0,274.0,2644.0,548.0,1762.0,1036.0
934,2027-06-06,31,67.0,12587.0,142.0,10169.0,307.0,7759.0,888.0,4595.0,2234.0
935,2027-06-06,32,0.0,5154.0,1.0,3842.0,5.0,2604.0,51.0,1153.0,326.0
936,2027-06-06,33,16.0,5115.0,39.0,4093.0,91.0,3080.0,297.0,1768.0,815.0
937,2027-06-06,35,18.0,28845.0,57.0,22434.0,184.0,16205.0,893.0,8437.0,3265.0
938,2027-06-06,41,1.0,6507.0,5.0,4975.0,20.0,3503.0,131.0,1712.0,588.0
939,2027-06-06,42,0.0,6316.0,0.0,4257.0,0.0,2450.0,2.0,682.0,69.0
940,2027-06-06,43,0.0,3086.0,0.0,2125.0,0.0,1268.0,2.0,394.0,51.0
941,2027-06-06,50,6.0,1141.0,13.0,923.0,29.0,706.0,83.0,420.0,206.0
942,2027-06-06,51,32.0,1264.0,52.0,1060.0,85.0,852.0,173.0,565.0,331.0
943,2027-06-06,52,310.0,5842.0,441.0,5007.0,639.0,4141.0,1107.0,2917.0,1866.0
944,2027-06-06,53,13.0,2658.0,29.0,2146.0,63.0,1635.0,184.0,965.0,467.0
945,2027-06-13,11,4.0,135.0,6.0,114.0,10.0,92.0,20.0,62.0,37.0
946,2027-06-13,12,6.0,139.0,8.0,119.0,13.0,97.0,24.0,68.0,42.0
947,2027-06-13,13,14.0,260.0,20.0,223.0,29.0,185.0,51.0,131.0,85.0
948,2027-06-13,14,0.0,238.0,0.0,179.0,0.0,123.0,3.0,56.0,17.0
949,2027-06-13,15,19.0,321.0,26.0,276.0,38.0,230.0,64.0,164.0,106.0
950,2027-06-13,16,0.0,128.0,0.0,101.0,1.0,75.0,6.0,42.0,18.0
951,2027-06-13,17,16.0,336.0,23.0,287.0,34.0,237.0,61.0,165.0,104.0
952,2027-06-13,21,16.0,284.0,22.0,244.0,32.0,202.0,56.0,144.0,93.0
953,2027-06-13,22,40.0,704.0,56.0,605.0,81.0,502.0,139.0,356.0,230.0
954,2027-06-13,23,75.0,3235.0,123.0,2705.0,204.0,2166.0,422.0,1425.0,822.0
955,2027-06-13,24,36.0,1723.0,61.0,1438.0,102.0,1147.0,216.0,749.0,428.0
956,2027-06-13,25,58.0,1028.0,82.0,883.0,118.0,733.0,202.0,520.0,336.0
957,2027-06-13,26,95.0,1815.0,135.0,1555.0,197.0,1285.0,342.0,905.0,578.0
958,2027-06-13,27,28.0,1941.0,50.0,1604.0,90.0,1263.0,207.0,802.0,437.0
959,2027-06-13,28,2.0,267.0,4.0,218.0,9.0,169.0,23.0,104.0,53.0
960,2027-06-13,29,84.0,3213.0,134.0,2695.0,218.0,2166.0,441.0,1438.0,841.0
961,2027-06-13,31,62.0,8752.0,126.0,7114.0,257.0,5476.0,695.0,3307.0,1662.0
962,2027-06-13,32,0.0,4258.0,1.0,3209.0,7.0,2212.0,58.0,1024.0,316.0
963,2027-06-13,33,14.0,4251.0,32.0,3402.0,76.0,2561.0,248.0,1471.0,679.0
964,2027-06-13,35,12.0,24057.0,41.0,18658.0,137.0,13422.0,696.0,6918.0,2627.0
965,2027-06-13,41,1.0,5740.0,4.0,4383.0,17.0,3081.0,112.0,1499.0,510.0
966,2027-06-13,42,0.0,5215.0,0.0,3567.0,0.0,2104.0,2.0,631.0,76.0
967,2027-06-13,43,0.0,2603.0,0.0,1815.0,0.0,1106.0,3.0,365.0,54.0
968,2027-06-13,50,4.0,1010.0,9.0,813.0,21.0,616.0,65.0,360.0,171.0
969,2027-06-13,51,29.0,1073.0,47.0,902.0,76.0,726.0,151.0,484.0,285.0
970,2027-06-13,52,279.0,4816.0,392.0,4140.0,561.0,3437.0,953.0,2442.0,1581.0
971,2027-06-13,53,15.0,2014.0,30.0,1638.0,61.0,1263.0,163.0,765.0,386.0
972,2027-06-20,11,3.0,148.0,5.0,123.0,8.0,98.0,18.0,64.0,36.0
973,2027-06-20,12,2.0,143.0,4.0,119.0,8.0,95.0,17.0,62.0,35.0
974,2027-06-20,13,14.0,237.0,20.0,204.0,28.0,170.0,48.0,121.0,79.0
975,2027-06-20,14,0.0,199.0,0.0,151.0,0.0,105.0,3.0,50.0,16.0
976,2027-06-20,15,18.0,251.0,24.0,218.0,34.0,183.0,56.0,133.0,89.0
977,2027-06-20,16,0.0,126.0,0.0,100.0,1.0,74.0,5.0,41.0,17.0
978,2027-06-20,17,14.0,250.0,20.0,215.0,29.0,179.0,50.0,127.0,83.0
979,2027-06-20,21,12.0,257.0,18.0,220.0,26.0,181.0,47.0,127.0,80.0
980,2027-06-20,22,34.0,604.0,48.0,519.0,69.0,431.0,119.0,306.0,197.0
981,2027-06-20,23,76.0,2641.0,119.0,2221.0,191.0,1792.0,378.0,1199.0,709.0
982,2027-06-20,24,37.0,1547.0,60.0,1295.0,100.0,1038.0,205.0,685.0,397.0
983,2027-06-20,25,52.0,916.0,74.0,787.0,106.0,653.0,180.0,464.0,300.0
984,2027-06-20,26,73.0,1627.0,107.0,1387.0,160.0,1140.0,286.0,792.0,496.0
985,2027-06-20,27,18.0,1875.0,35.0,1535.0,67.0,1193.0,170.0,737.0,384.0
986,2027-06-20,28,2.0,249.0,4.0,204.0,9.0,159.0,22.0,98.0,51.0
987,2027-06-20,29,58.0,2545.0,95.0,2127.0,158.0,1701.0,329.0,1117.0,643.0
988,2027-06-20,31,54.0,5830.0,103.0,4766.0,201.0,3697.0,514.0,2272.0,1175.0
989,2027-06-20,32,0.0,3876.0,1.0,2902.0,4.0,1981.0,44.0,894.0,262.0
990,2027-06-20,33,14.0,3246.0,30.0,2611.0,69.0,1980.0,210.0,1156.0,549.0
991,2027-06-20,35,8.0,18905.0,29.0,14638.0,101.0,10503.0,524.0,5380.0,2019.0
992,2027-06-20,41,0.0,4496.0,2.0,3417.0,11.0,2385.0,77.0,1140.0,375.0
993,2027-06-20,42,0.0,3735.0,0.0,2581.0,0.0,1550.0,3.0,490.0,66.0
994,2027-06-20,43,0.0,2248.0,0.0,1471.0,0.0,805.0,0.0,192.0,13.0
995,2027-06-20,50,6.0,794.0,12.0,647.0,24.0,499.0,65.0,303.0,153.0
996,2027-06-20,51,24.0,992.0,39.0,831.0,65.0,667.0,133.0,441.0,256.0
997,2027-06-20,52,268.0,3648.0,363.0,3162.0,501.0,2654.0,810.0,1927.0,1288.0
998,2027-06-20,53,11.0,1431.0,22.0,1166.0,45.0,900.0,118.0,547.0,278.0
999,2027-06-27,11,3.0,122.0,5.0,103.0,8.0,83.0,17.0,55.0,32.0
1000,2027-06-27,12,3.0,135.0,5.0,114.0,9.0,92.0,19.0,61.0,36.0
1001,2027-06-27,13,13.0,204.0,18.0,176.0,25.0,147.0,43.0,106.0,70.0
1002,2027-06-27,14,0.0,206.0,0.0,154.0,0.0,106.0,2.0,48.0,14.0
1003,2027-06-27,15,15.0,259.0,21.0,223.0,31.0,186.0,52.0,133.0,86.0
1004,2027-06-27,16,0.0,117.0,0.0,92.0,1.0,68.0,4.0,37.0,15.0
1005,2027-06-27,17,11.0,212.0,16.0,182.0,23.0,150.0,40.0,106.0,68.0
1006,2027-06-27,21,10.0,227.0,15.0,193.0,22.0,159.0,40.0,111.0,70.0
1007,2027-06-27,22,30.0,499.0,43.0,430.0,60.0,358.0,102.0,256.0,167.0
1008,2027-06-27,23,74.0,2247.0,114.0,1898.0,179.0,1540.0,343.0,1042.0,628.0
1009,2027-06-27,24,44.0,1301.0,67.0,1100.0,105.0,893.0,201.0,606.0,366.0
1010,2027-06-27,25,46.0,929.0,67.0,795.0,98.0,656.0,172.0,460.0,292.0
1011,2027-06-27,26,60.0,1646.0,91.0,1394.0,140.0,1135.0,262.0,775.0,472.0
1012,2027-06-27,27,21.0,1656.0,38.0,1364.0,70.0,1069.0,167.0,673.0,361.0
1013,2027-06-27,28,1.0,293.0,2.0,235.0,5.0,178.0,18.0,103.0,48.0
1014,2027-06-27,29,66.0,2191.0,103.0,1846.0,164.0,1492.0,321.0,1003.0,598.0
1015,2027-06-27,31,49.0,4069.0,90.0,3348.0,168.0,2620.0,402.0,1641.0,876.0
1016,2027-06-27,32,0.0,3491.0,0.0,2611.0,4.0,1778.0,38.0,797.0,231.0
1017,2027-06-27,33,15.0,2535.0,31.0,2053.0,66.0,1571.0,187.0,937.0,461.0
1018,2027-06-27,35,9.0,13351.0,28.0,10400.0,91.0,7530.0,429.0,3942.0,1541.0
1019,2027-06-27,41,1.0,3083.0,3.0,2371.0,12.0,1684.0,72.0,841.0,301.0
1020,2027-06-27,42,0.0,2633.0,0.0,1809.0,0.0,1076.0,1.0,331.0,42.0
1021,2027-06-27,43,0.0,1259.0,0.0,868.0,0.0,519.0,1.0,162.0,21.0
1022,2027-06-27,50,5.0,657.0,9.0,535.0,20.0,412.0,53.0,250.0,126.0
1023,2027-06-27,51,25.0,788.0,39.0,665.0,61.0,539.0,119.0,364.0,219.0
1024,2027-06-27,52,195.0,2890.0,267.0,2497.0,373.0,2087.0,615.0,1503.0,993.0
1025,2027-06-27,53,9.0,1018.0,18.0,833.0,36.0,648.0,92.0,399.0,208.0
1026,2027-07-04,11,3.0,110.0,5.0,93.0,8.0,75.0,16.0,50.0,30.0
1027,2027-07-04,12,4.0,125.0,6.0,106.0,10.0,86.0,19.0,58.0,35.0
1028,2027-07-04,13,14.0,210.0,20.0,182.0,28.0,153.0,46.0,111.0,74.0
1029,2027-07-04,14,0.0,126.0,0.0,98.0,0.0,71.0,4.0,36.0,14.0
1030,2027-07-04,15,12.0,235.0,18.0,202.0,26.0,167.0,45.0,118.0,76.0
1031,2027-07-04,16,0.0,177.0,0.0,135.0,0.0,95.0,3.0,46.0,16.0
1032,2027-07-04,17,9.0,180.0,13.0,155.0,19.0,128.0,34.0,90.0,58.0
1033,2027-07-04,21,9.0,221.0,13.0,188.0,20.0,154.0,37.0,106.0,66.0
1034,2027-07-04,22,30.0,427.0,41.0,370.0,57.0,310.0,94.0,225.0,150.0
1035,2027-07-04,23,83.0,2030.0,123.0,1725.0,186.0,1411.0,341.0,973.0,602.0
1036,2027-07-04,24,40.0,1316.0,63.0,1109.0,99.0,897.0,194.0,603.0,360.0
1037,2027-07-04,25,47.0,890.0,67.0,763.0,98.0,631.0,169.0,445.0,285.0
1038,2027-07-04,26,57.0,1614.0,87.0,1366.0,134.0,1111.0,254.0,756.0,459.0
1039,2027-07-04,27,20.0,1667.0,36.0,1371.0,68.0,1073.0,164.0,672.0,358.0
1040,2027-07-04,28,1.0,326.0,3.0,263.0,7.0,200.0,22.0,117.0,56.0
1041,2027-07-04,29,60.0,2223.0,96.0,1868.0,155.0,1504.0,311.0,1002.0,589.0
1042,2027-07-04,31,42.0,2989.0,76.0,2469.0,137.0,1943.0,316.0,1232.0,670.0
1043,2027-07-04,32,0.0,3090.0,0.0,2311.0,3.0,1574.0,34.0,706.0,204.0
1044,2027-07-04,33,19.0,1977.0,36.0,1618.0,70.0,1257.0,178.0,775.0,403.0
1045,2027-07-04,35,7.0,8783.0,22.0,6864.0,67.0,4993.0,304.0,2644.0,1055.0
1046,2027-07-04,41,0.0,2138.0,2.0,1647.0,9.0,1172.0,52.0,589.0,213.0
1047,2027-07-04,42,0.0,1769.0,0.0,1225.0,0.0,738.0,1.0,235.0,32.0
1048,2027-07-04,43,0.0,780.0,0.0,543.0,0.0,330.0,1.0,109.0,16.0
1049,2027-07-04,50,5.0,510.0,9.0,417.0,18.0,325.0,46.0,200.0,105.0
1050,2027-07-04,51,20.0,734.0,32.0,617.0,52.0,497.0,104.0,332.0,196.0
1051,2027-07-04,52,185.0,2293.0,247.0,1994.0,336.0,1681.0,534.0,1232.0,834.0
1052,2027-07-04,53,8.0,854.0,15.0,699.0,30.0,543.0,77.0,335.0,174.0
1053,2027-07-11,11,2.0,105.0,4.0,88.0,6.0,71.0,14.0,47.0,27.0
1054,2027-07-11,12,4.0,121.0,6.0,102.0,10.0,83.0,19.0,57.0,35.0
1055,2027-07-11,13,18.0,205.0,23.0,179.0,32.0,152.0,50.0,112.0,77.0
1056,2027-07-11,14,0.0,139.0,0.0,108.0,1.0,78.0,4.0,41.0,16.0
1057,2027-07-11,15,7.0,250.0,12.0,210.0,19.0,170.0,37.0,115.0,68.0
1058,2027-07-11,16,0.0,143.0,0.0,112.0,1.0,82.0,5.0,43.0,17.0
1059,2027-07-11,17,6.0,159.0,10.0,136.0,15.0,111.0,27.0,77.0,48.0
1060,2027-07-11,21,6.0,219.0,10.0,185.0,16.0,149.0,32.0,100.0,60.0
1061,2027-07-11,22,23.0,372.0,33.0,321.0,46.0,268.0,77.0,192.0,126.0
1062,2027-07-11,23,62.0,1811.0,95.0,1531.0,148.0,1244.0,281.0,845.0,511.0
1063,2027-07-11,24,37.0,1254.0,58.0,1056.0,93.0,853.0,182.0,573.0,340.0
1064,2027-07-11,25,43.0,835.0,62.0,715.0,90.0,591.0,157.0,416.0,266.0
1065,2027-07-11,26,63.0,1431.0,93.0,1219.0,139.0,1001.0,250.0,695.0,435.0
1066,2027-07-11,27,22.0,1612.0,40.0,1331.0,72.0,1046.0,168.0,662.0,359.0
1067,2027-07-11,28,2.0,289.0,4.0,235.0,9.0,182.0,24.0,110.0,56.0
1068,2027-07-11,29,52.0,2111.0,84.0,1768.0,139.0,1419.0,283.0,938.0,545.0
1069,2027-07-11,31,50.0,1982.0,80.0,1661.0,131.0,1333.0,268.0,883.0,514.0
1070,2027-07-11,32,0.0,2485.0,0.0,1863.0,3.0,1274.0,29.0,578.0,171.0
1071,2027-07-11,33,21.0,1432.0,38.0,1184.0,68.0,933.0,155.0,594.0,325.0
1072,2027-07-11,35,11.0,6137.0,28.0,4856.0,75.0,3597.0,282.0,1989.0,859.0
1073,2027-07-11,41,1.0,1374.0,3.0,1071.0,9.0,776.0,44.0,407.0,160.0
1074,2027-07-11,42,0.0,1156.0,0.0,793.0,0.0,470.0,0.0,143.0,18.0
1075,2027-07-11,43,0.0,426.0,0.0,300.0,0.0,187.0,1.0,65.0,11.0
1076,2027-07-11,50,3.0,427.0,6.0,348.0,13.0,269.0,35.0,163.0,83.0
1077,2027-07-11,51,23.0,514.0,34.0,439.0,51.0,361.0,92.0,252.0,158.0
1078,2027-07-11,52,176.0,1806.0,229.0,1582.0,303.0,1347.0,462.0,1005.0,699.0
1079,2027-07-11,53,9.0,683.0,16.0,563.0,29.0,442.0,70.0,278.0,150.0
1080,2027-07-18,11,2.0,85.0,4.0,72.0,6.0,58.0,13.0,40.0,24.0
1081,2027-07-18,12,2.0,133.0,4.0,111.0,7.0,88.0,16.0,57.0,32.0
1082,2027-07-18,13,16.0,183.0,21.0,160.0,28.0,136.0,44.0,100.0,69.0
1083,2027-07-18,14,0.0,118.0,0.0,93.0,1.0,67.0,4.0,36.0,14.0
1084,2027-07-18,15,9.0,242.0,13.0,205.0,21.0,167.0,39.0,114.0,70.0
1085,2027-07-18,16,0.0,153.0,0.0,118.0,0.0,84.0,4.0,42.0,15.0
1086,2027-07-18,17,5.0,142.0,7.0,121.0,12.0,98.0,23.0,67.0,41.0
1087,2027-07-18,21,6.0,205.0,10.0,173.0,15.0,140.0,30.0,94.0,57.0
1088,2027-07-18,22,21.0,336.0,29.0,290.0,41.0,242.0,69.0,173.0,113.0
1089,2027-07-18,23,55.0,1615.0,85.0,1365.0,132.0,1109.0,251.0,754.0,456.0
1090,2027-07-18,24,36.0,1140.0,56.0,962.0,88.0,779.0,171.0,526.0,315.0
1091,2027-07-18,25,43.0,766.0,61.0,658.0,88.0,546.0,150.0,387.0,250.0
1092,2027-07-18,26,65.0,1294.0,93.0,1107.0,136.0,914.0,239.0,641.0,407.0
1093,2027-07-18,27,22.0,1422.0,39.0,1177.0,69.0,929.0,156.0,593.0,327.0
1094,2027-07-18,28,1.0,272.0,3.0,221.0,7.0,170.0,21.0,102.0,51.0
1095,2027-07-18,29,43.0,1872.0,71.0,1566.0,118.0,1253.0,244.0,824.0,476.0
1096,2027-07-18,31,41.0,1530.0,66.0,1285.0,107.0,1034.0,214.0,689.0,405.0
1097,2027-07-18,32,0.0,2015.0,1.0,1522.0,3.0,1052.0,29.0,491.0,154.0
1098,2027-07-18,33,22.0,1178.0,37.0,979.0,64.0,778.0,140.0,503.0,283.0
1099,2027-07-18,35,10.0,4812.0,25.0,3818.0,64.0,2838.0,234.0,1583.0,694.0
1100,2027-07-18,41,0.0,1110.0,2.0,861.0,6.0,619.0,32.0,319.0,121.0
1101,2027-07-18,42,0.0,804.0,0.0,549.0,0.0,323.0,0.0,96.0,11.0
1102,2027-07-18,43,0.0,337.0,0.0,237.0,0.0,147.0,0.0,51.0,8.0
1103,2027-07-18,50,2.0,356.0,5.0,289.0,10.0,222.0,28.0,134.0,67.0
1104,2027-07-18,51,22.0,425.0,31.0,364.0,46.0,301.0,80.0,212.0,135.0
1105,2027-07-18,52,162.0,1530.0,208.0,1344.0,272.0,1149.0,408.0,865.0,608.0
1106,2027-07-18,53,8.0,540.0,15.0,448.0,27.0,354.0,61.0,227.0,126.0
1107,2027-07-25,11,2.0,87.0,3.0,73.0,5.0,59.0,11.0,39.0,22.0
1108,2027-07-25,12,1.0,144.0,2.0,118.0,4.0,91.0,12.0,56.0,29.0
1109,2027-07-25,13,20.0,154.0,25.0,136.0,32.0,118.0,46.0,91.0,66.0
1110,2027-07-25,14,0.0,105.0,0.0,81.0,0.0,57.0,2.0,29.0,10.0
1111,2027-07-25,15,10.0,230.0,15.0,196.0,22.0,161.0,40.0,112.0,70.0
1112,2027-07-25,16,0.0,145.0,0.0,114.0,1.0,83.0,5.0,45.0,18.0
1113,2027-07-25,17,5.0,123.0,7.0,105.0,11.0,86.0,21.0,60.0,37.0
1114,2027-07-25,21,4.0,205.0,7.0,171.0,12.0,137.0,26.0,90.0,51.0
1115,2027-07-25,22,22.0,258.0,29.0,225.0,40.0,191.0,62.0,141.0,96.0
1116,2027-07-25,23,58.0,1424.0,86.0,1211.0,130.0,990.0,239.0,682.0,422.0
1117,2027-07-25,24,30.0,1037.0,48.0,873.0,76.0,705.0,150.0,473.0,281.0
1118,2027-07-25,25,46.0,631.0,63.0,547.0,86.0,459.0,140.0,333.0,223.0
1119,2027-07-25,26,57.0,1089.0,82.0,933.0,119.0,772.0,206.0,544.0,348.0
1120,2027-07-25,27,23.0,1228.0,39.0,1021.0,67.0,811.0,145.0,524.0,295.0
1121,2027-07-25,28,0.0,351.0,1.0,278.0,4.0,206.0,16.0,113.0,49.0
1122,2027-07-25,29,48.0,1461.0,74.0,1234.0,116.0,1001.0,223.0,678.0,409.0
1123,2027-07-25,31,40.0,1185.0,61.0,1001.0,95.0,813.0,182.0,551.0,333.0
1124,2027-07-25,32,0.0,1837.0,1.0,1393.0,4.0,969.0,30.0,459.0,148.0
1125,2027-07-25,33,21.0,960.0,35.0,802.0,58.0,641.0,122.0,420.0,241.0
1126,2027-07-25,35,8.0,4067.0,22.0,3229.0,56.0,2404.0,201.0,1345.0,592.0
1127,2027-07-25,41,0.0,1033.0,1.0,801.0,6.0,576.0,30.0,297.0,112.0
1128,2027-07-25,42,0.0,574.0,0.0,408.0,0.0,257.0,1.0,93.0,17.0
1129,2027-07-25,43,0.0,277.0,0.0,197.0,0.0,124.0,0.0,44.0,8.0
1130,2027-07-25,50,3.0,281.0,6.0,231.0,11.0,181.0,27.0,113.0,60.0
1131,2027-07-25,51,19.0,399.0,28.0,341.0,42.0,281.0,73.0,197.0,125.0
1132,2027-07-25,52,146.0,1294.0,186.0,1140.0,241.0,978.0,357.0,741.0,525.0
1133,2027-07-25,53,6.0,480.0,11.0,395.0,20.0,310.0,49.0,195.0,105.0
1134,2027-08-01,11,2.0,77.0,4.0,65.0,6.0,54.0,12.0,37.0,22.0
1135,2027-08-01,12,1.0,149.0,3.0,123.0,6.0,96.0,15.0,60.0,32.0
1136,2027-08-01,13,13.0,158.0,18.0,138.0,24.0,117.0,38.0,86.0,59.0
1137,2027-08-01,14,0.0,139.0,0.0,108.0,0.0,77.0,4.0,40.0,15.0
1138,2027-08-01,15,8.0,281.0,13.0,237.0,21.0,192.0,42.0,130.0,77.0
1139,2027-08-01,16,0.0,205.0,0.0,158.0,1.0,113.0,5.0,57.0,20.0
1140,2027-08-01,17,6.0,124.0,8.0,106.0,13.0,87.0,23.0,61.0,39.0
1141,2027-08-01,21,3.0,254.0,6.0,210.0,11.0,165.0,27.0,105.0,57.0
1142,2027-08-01,22,25.0,218.0,32.0,192.0,41.0,165.0,61.0,126.0,90.0
1143,2027-08-01,23,52.0,1392.0,78.0,1180.0,120.0,962.0,225.0,658.0,402.0
1144,2027-08-01,24,32.0,973.0,49.0,822.0,77.0,667.0,149.0,452.0,272.0
1145,2027-08-01,25,36.0,615.0,51.0,529.0,73.0,440.0,123.0,314.0,204.0
1146,2027-08-01,26,63.0,1036.0,88.0,893.0,126.0,743.0,211.0,531.0,346.0
1147,2027-08-01,27,23.0,1145.0,38.0,954.0,65.0,760.0,140.0,494.0,280.0
1148,2027-08-01,28,1.0,283.0,2.0,227.0,5.0,172.0,17.0,100.0,47.0
1149,2027-08-01,29,50.0,1311.0,75.0,1112.0,114.0,907.0,213.0,621.0,381.0
1150,2027-08-01,31,36.0,1020.0,55.0,863.0,85.0,702.0,161.0,478.0,291.0
1151,2027-08-01,32,0.0,1670.0,1.0,1271.0,4.0,889.0,30.0,428.0,142.0
1152,2027-08-01,33,15.0,960.0,27.0,795.0,47.0,628.0,107.0,402.0,222.0
1153,2027-08-01,35,9.0,3381.0,23.0,2699.0,56.0,2025.0,188.0,1154.0,525.0
1154,2027-08-01,41,0.0,804.0,2.0,630.0,7.0,460.0,30.0,246.0,100.0
1155,2027-08-01,42,0.0,481.0,0.0,345.0,0.0,220.0,1.0,83.0,16.0
1156,2027-08-01,43,0.0,206.0,0.0,153.0,0.0,103.0,2.0,45.0,12.0
1157,2027-08-01,50,4.0,259.0,7.0,214.0,12.0,169.0,29.0,108.0,60.0
1158,2027-08-01,51,22.0,372.0,31.0,321.0,44.0,267.0,75.0,190.0,124.0
1159,2027-08-01,52,158.0,1232.0,197.0,1091.0,251.0,942.0,363.0,723.0,522.0
1160,2027-08-01,53,5.0,471.0,10.0,387.0,19.0,303.0,46.0,189.0,101.0
1161,2027-08-08,11,3.0,69.0,4.0,59.0,6.0,48.0,12.0,34.0,21.0
1162,2027-08-08,12,0.0,157.0,1.0,127.0,3.0,97.0,11.0,57.0,28.0
1163,2027-08-08,13,11.0,158.0,15.0,137.0,21.0,115.0,35.0,83.0,55.0
1164,2027-08-08,14,0.0,136.0,0.0,106.0,1.0,77.0,4.0,40.0,16.0
1165,2027-08-08,15,8.0,310.0,14.0,261.0,22.0,210.0,44.0,141.0,83.0
1166,2027-08-08,16,0.0,176.0,0.0,138.0,1.0,101.0,7.0,54.0,22.0
1167,2027-08-08,17,5.0,102.0,7.0,88.0,11.0,73.0,19.0,51.0,33.0
1168,2027-08-08,21,3.0,277.0,6.0,228.0,11.0,179.0,28.0,112.0,60.0
1169,2027-08-08,22,20.0,201.0,26.0,176.0,34.0,150.0,52.0,113.0,79.0
1170,2027-08-08,23,57.0,1144.0,82.0,978.0,120.0,807.0,211.0,566.0,359.0
1171,2027-08-08,24,31.0,983.0,48.0,829.0,76.0,672.0,147.0,453.0,272.0
1172,2027-08-08,25,31.0,582.0,45.0,500.0,65.0,414.0,112.0,293.0,188.0
1173,2027-08-08,26,66.0,991.0,90.0,856.0,127.0,715.0,209.0,514.0,339.0
1174,2027-08-08,27,25.0,1004.0,41.0,842.0,67.0,676.0,136.0,448.0,261.0
1175,2027-08-08,28,2.0,249.0,4.0,203.0,8.0,158.0,21.0,97.0,50.0
1176,2027-08-08,29,52.0,1103.0,75.0,942.0,111.0,775.0,198.0,541.0,341.0
1177,2027-08-08,31,34.0,887.0,51.0,753.0,78.0,615.0,145.0,421.0,259.0
1178,2027-08-08,32,0.0,1465.0,1.0,1116.0,4.0,782.0,27.0,378.0,126.0
1179,2027-08-08,33,14.0,891.0,24.0,737.0,43.0,582.0,98.0,372.0,204.0
1180,2027-08-08,35,11.0,2758.0,24.0,2216.0,56.0,1677.0,174.0,975.0,459.0
1181,2027-08-08,41,0.0,657.0,2.0,516.0,6.0,378.0,25.0,204.0,84.0
1182,2027-08-08,42,0.0,398.0,0.0,274.0,0.0,164.0,0.0,51.0,7.0
1183,2027-08-08,43,0.0,195.0,0.0,138.0,0.0,87.0,0.0,31.0,5.0
1184,2027-08-08,50,5.0,195.0,8.0,164.0,13.0,132.0,27.0,88.0,51.0
1185,2027-08-08,51,20.0,328.0,28.0,283.0,40.0,236.0,67.0,168.0,110.0
1186,2027-08-08,52,163.0,1030.0,198.0,921.0,245.0,805.0,339.0,632.0,471.0
1187,2027-08-08,53,4.0,414.0,7.0,339.0,14.0,263.0,37.0,162.0,84.0
1188,2027-08-15,11,2.0,61.0,3.0,52.0,5.0,42.0,10.0,29.0,18.0
1189,2027-08-15,12,1.0,165.0,2.0,134.0,4.0,102.0,12.0,61.0,30.0
1190,2027-08-15,13,16.0,125.0,20.0,111.0,25.0,96.0,37.0,74.0,53.0
1191,2027-08-15,14,0.0,108.0,0.0,86.0,2.0,65.0,6.0,37.0,17.0
1192,2027-08-15,15,10.0,277.0,15.0,234.0,23.0,191.0,44.0,130.0,79.0
1193,2027-08-15,16,0.0,160.0,0.0,127.0,1.0,93.0,7.0,51.0,22.0
1194,2027-08-15,17,5.0,113.0,8.0,97.0,12.0,80.0,21.0,56.0,36.0
1195,2027-08-15,21,3.0,260.0,6.0,215.0,12.0,169.0,27.0,107.0,58.0
1196,2027-08-15,22,19.0,146.0,24.0,130.0,30.0,112.0,44.0,87.0,63.0
1197,2027-08-15,23,50.0,1057.0,72.0,902.0,107.0,743.0,190.0,518.0,326.0
1198,2027-08-15,24,31.0,781.0,47.0,663.0,71.0,542.0,130.0,373.0,231.0
1199,2027-08-15,25,30.0,556.0,43.0,477.0,62.0,395.0,107.0,279.0,179.0
1200,2027-08-15,26,54.0,925.0,76.0,795.0,108.0,661.0,184.0,470.0,305.0
1201,2027-08-15,27,23.0,982.0,38.0,822.0,63.0,659.0,130.0,435.0,252.0
1202,2027-08-15,28,2.0,233.0,4.0,191.0,8.0,149.0,22.0,92.0,48.0
1203,2027-08-15,29,48.0,948.0,69.0,811.0,101.0,670.0,177.0,471.0,300.0
1204,2027-08-15,31,34.0,829.0,51.0,705.0,77.0,577.0,140.0,398.0,247.0
1205,2027-08-15,32,0.0,1221.0,1.0,940.0,5.0,669.0,29.0,336.0,122.0
1206,2027-08-15,33,15.0,756.0,25.0,629.0,43.0,501.0,92.0,326.0,184.0
1207,2027-08-15,35,9.0,2435.0,21.0,1955.0,48.0,1478.0,151.0,857.0,402.0
1208,2027-08-15,41,1.0,533.0,3.0,424.0,7.0,316.0,27.0,178.0,79.0
1209,2027-08-15,42,0.0,335.0,0.0,236.0,0.0,146.0,0.0,50.0,8.0
1210,2027-08-15,43,0.0,179.0,0.0,126.0,0.0,77.0,0.0,26.0,4.0
1211,2027-08-15,50,4.0,192.0,6.0,161.0,11.0,128.0,24.0,84.0,48.0
1212,2027-08-15,51,26.0,288.0,35.0,252.0,46.0,214.0,72.0,159.0,110.0
1213,2027-08-15,52,171.0,1041.0,207.0,932.0,254.0,816.0,350.0,644.0,482.0
1214,2027-08-15,53,4.0,425.0,7.0,348.0,15.0,270.0,38.0,166.0,86.0
1215,2027-08-22,11,1.0,52.0,2.0,44.0,4.0,36.0,8.0,25.0,15.0
1216,2027-08-22,12,0.0,240.0,0.0,189.0,2.0,138.0,9.0,74.0,30.0
1217,2027-08-22,13,18.0,106.0,22.0,95.0,27.0,84.0,37.0,67.0,50.0
1218,2027-08-22,14,0.0,79.0,0.0,64.0,1.0,49.0,5.0,29.0,14.0
1219,2027-08-22,15,10.0,270.0,15.0,229.0,24.0,187.0,44.0,128.0,79.0
1220,2027-08-22,16,0.0,178.0,0.0,138.0,1.0,100.0,5.0,52.0,20.0
1221,2027-08-22,17,5.0,88.0,7.0,76.0,10.0,63.0,18.0,45.0,29.0
1222,2027-08-22,21,2.0,248.0,4.0,203.0,9.0,158.0,23.0,98.0,51.0
1223,2027-08-22,22,20.0,142.0,25.0,126.0,31.0,110.0,44.0,85.0,63.0
1224,2027-08-22,23,49.0,854.0,69.0,734.0,99.0,609.0,169.0,433.0,280.0
1225,2027-08-22,24,28.0,654.0,41.0,557.0,62.0,457.0,113.0,317.0,198.0
1226,2027-08-22,25,30.0,432.0,41.0,374.0,57.0,313.0,93.0,226.0,150.0
1227,2027-08-22,26,48.0,914.0,68.0,783.0,99.0,647.0,173.0,456.0,292.0
1228,2027-08-22,27,23.0,795.0,36.0,669.0,58.0,540.0,114.0,361.0,214.0
1229,2027-08-22,28,1.0,228.0,3.0,186.0,7.0,143.0,19.0,87.0,44.0
1230,2027-08-22,29,50.0,818.0,70.0,705.0,99.0,587.0,166.0,419.0,273.0
1231,2027-08-22,31,30.0,852.0,45.0,721.0,70.0,586.0,133.0,399.0,242.0
1232,2027-08-22,32,0.0,1220.0,0.0,930.0,3.0,651.0,22.0,314.0,105.0
1233,2027-08-22,33,14.0,676.0,24.0,564.0,40.0,450.0,85.0,294.0,168.0
1234,2027-08-22,35,9.0,2292.0,20.0,1841.0,46.0,1393.0,143.0,809.0,380.0
1235,2027-08-22,41,1.0,551.0,3.0,438.0,8.0,326.0,28.0,183.0,81.0
1236,2027-08-22,42,0.0,301.0,0.0,207.0,0.0,123.0,0.0,37.0,5.0
1237,2027-08-22,43,0.0,144.0,0.0,103.0,0.0,66.0,0.0,25.0,5.0
1238,2027-08-22,50,5.0,160.0,8.0,135.0,12.0,110.0,24.0,74.0,45.0
1239,2027-08-22,51,25.0,226.0,32.0,199.0,42.0,171.0,62.0,130.0,92.0
1240,2027-08-22,52,152.0,990.0,185.0,884.0,230.0,770.0,320.0,603.0,447.0
1241,2027-08-22,53,2.0,392.0,5.0,318.0,10.0,244.0,30.0,146.0,73.0
1242,2027-08-29,11,2.0,45.0,3.0,38.0,5.0,32.0,9.0,23.0,15.0
1243,2027-08-29,12,0.0,423.0,0.0,324.0,1.0,228.0,9.0,112.0,39.0
1244,2027-08-29,13,17.0,113.0,21.0,101.0,27.0,88.0,37.0,69.0,52.0
1245,2027-08-29,14,0.0,76.0,0.0,61.0,1.0,46.0,4.0,26.0,12.0
1246,2027-08-29,15,9.0,239.0,14.0,203.0,22.0,166.0,40.0,115.0,71.0
1247,2027-08-29,16,0.0,144.0,0.0,114.0,1.0,84.0,6.0,46.0,19.0
1248,2027-08-29,17,3.0,88.0,5.0,74.0,8.0,61.0,14.0,42.0,26.0
1249,2027-08-29,21,3.0,180.0,5.0,149.0,9.0,118.0,20.0,76.0,42.0
1250,2027-08-29,22,13.0,135.0,17.0,118.0,22.0,101.0,34.0,75.0,52.0
1251,2027-08-29,23,39.0,671.0,55.0,577.0,79.0,479.0,134.0,341.0,221.0
1252,2027-08-29,24,20.0,551.0,31.0,467.0,47.0,381.0,89.0,261.0,160.0
1253,2027-08-29,25,22.0,462.0,32.0,395.0,48.0,326.0,84.0,228.0,144.0
1254,2027-08-29,26,34.0,910.0,52.0,772.0,80.0,630.0,148.0,431.0,265.0
1255,2027-08-29,27,17.0,798.0,29.0,667.0,49.0,533.0,102.0,349.0,201.0
1256,2027-08-29,28,1.0,179.0,3.0,146.0,6.0,113.0,15.0,69.0,35.0
1257,2027-08-29,29,40.0,816.0,58.0,698.0,85.0,576.0,150.0,403.0,256.0
1258,2027-08-29,31,26.0,757.0,40.0,640.0,62.0,520.0,118.0,354.0,215.0
1259,2027-08-29,32,0.0,1028.0,1.0,790.0,4.0,561.0,24.0,280.0,100.0
1260,2027-08-29,33,15.0,559.0,24.0,469.0,38.0,378.0,78.0,251.0,148.0
1261,2027-08-29,35,9.0,2036.0,20.0,1640.0,45.0,1247.0,136.0,732.0,351.0
1262,2027-08-29,41,1.0,458.0,4.0,367.0,9.0,278.0,28.0,161.0,75.0
1263,2027-08-29,42,0.0,225.0,0.0,161.0,0.0,102.0,0.0,38.0,7.0
1264,2027-08-29,43,0.0,132.0,0.0,97.0,0.0,64.0,1.0,26.0,6.0
1265,2027-08-29,50,4.0,168.0,7.0,141.0,11.0,114.0,23.0,76.0,44.0
1266,2027-08-29,51,24.0,191.0,30.0,169.0,39.0,146.0,56.0,112.0,81.0
1267,2027-08-29,52,130.0,959.0,161.0,851.0,204.0,737.0,291.0,569.0,415.0
1268,2027-08-29,53,2.0,418.0,4.0,337.0,9.0,256.0,28.0,151.0,72.0
1269,2027-09-05,11,2.0,50.0,3.0,42.0,5.0,35.0,9.0,24.0,15.0
1270,2027-09-05,12,0.0,579.0,0.0,435.0,1.0,299.0,7.0,137.0,41.0
1271,2027-09-05,13,18.0,111.0,22.0,100.0,27.0,88.0,38.0,69.0,52.0
1272,2027-09-05,14,0.0,90.0,0.0,70.0,1.0,52.0,3.0,28.0,11.0
1273,2027-09-05,15,6.0,269.0,10.0,225.0,17.0,181.0,35.0,119.0,69.0
1274,2027-09-05,16,0.0,129.0,0.0,101.0,1.0,75.0,5.0,41.0,17.0
1275,2027-09-05,17,3.0,72.0,4.0,62.0,7.0,51.0,13.0,35.0,22.0
1276,2027-09-05,21,3.0,167.0,6.0,139.0,10.0,112.0,22.0,74.0,42.0
1277,2027-09-05,22,10.0,123.0,14.0,108.0,19.0,91.0,30.0,67.0,46.0
1278,2027-09-05,23,43.0,606.0,58.0,525.0,81.0,440.0,132.0,319.0,212.0
1279,2027-09-05,24,32.0,448.0,43.0,388.0,60.0,325.0,98.0,236.0,157.0
1280,2027-09-05,25,18.0,430.0,27.0,366.0,41.0,300.0,74.0,208.0,130.0
1281,2027-09-05,26,32.0,908.0,49.0,769.0,76.0,625.0,143.0,426.0,259.0
1282,2027-09-05,27,19.0,700.0,30.0,588.0,49.0,474.0,98.0,316.0,186.0
1283,2027-09-05,28,1.0,218.0,3.0,177.0,6.0,136.0,17.0,82.0,41.0
1284,2027-09-05,29,35.0,769.0,51.0,656.0,76.0,539.0,136.0,375.0,235.0
1285,2027-09-05,31,30.0,779.0,45.0,661.0,69.0,540.0,128.0,371.0,228.0
1286,2027-09-05,32,0.0,1009.0,0.0,770.0,3.0,541.0,19.0,263.0,89.0
1287,2027-09-05,33,12.0,560.0,20.0,468.0,34.0,374.0,72.0,246.0,141.0
1288,2027-09-05,35,7.0,2213.0,17.0,1773.0,41.0,1337.0,132.0,770.0,357.0
1289,2027-09-05,41,1.0,483.0,3.0,387.0,8.0,291.0,28.0,167.0,77.0
1290,2027-09-05,42,0.0,245.0,0.0,168.0,0.0,99.0,0.0,30.0,4.0
1291,2027-09-05,43,0.0,165.0,0.0,112.0,0.0,65.0,0.0,18.0,2.0
1292,2027-09-05,50,5.0,137.0,8.0,116.0,12.0,95.0,22.0,65.0,40.0
1293,2027-09-05,51,29.0,186.0,35.0,166.0,44.0,145.0,61.0,114.0,85.0
1294,2027-09-05,52,126.0,969.0,157.0,859.0,200.0,742.0,287.0,571.0,413.0
1295,2027-09-05,53,1.0,460.0,3.0,368.0,8.0,278.0,27.0,160.0,74.0
1296,2027-09-12,11,1.0,49.0,2.0,41.0,4.0,34.0,7.0,23.0,14.0
1297,2027-09-12,12,0.0,790.0,0.0,593.0,1.0,407.0,10.0,186.0,56.0
1298,2027-09-12,13,19.0,137.0,24.0,122.0,30.0,107.0,43.0,83.0,61.0
1299,2027-09-12,14,0.0,88.0,0.0,69.0,0.0,50.0,3.0,26.0,10.0
1300,2027-09-12,15,8.0,251.0,12.0,212.0,19.0,172.0,38.0,116.0,70.0
1301,2027-09-12,16,0.0,118.0,0.0,94.0,2.0,71.0,6.0,40.0,18.0
1302,2027-09-12,17,3.0,80.0,5.0,68.0,7.0,56.0,14.0,39.0,24.0
1303,2027-09-12,21,5.0,136.0,8.0,115.0,12.0,94.0,23.0,65.0,40.0
1304,2027-09-12,22,9.0,97.0,12.0,85.0,17.0,73.0,25.0,55.0,38.0
1305,2027-09-12,23,38.0,528.0,52.0,458.0,72.0,384.0,117.0,279.0,186.0
1306,2027-09-12,24,30.0,417.0,41.0,361.0,56.0,303.0,92.0,220.0,146.0
1307,2027-09-12,25,16.0,381.0,24.0,325.0,37.0,267.0,66.0,185.0,116.0
1308,2027-09-12,26,28.0,872.0,43.0,736.0,68.0,597.0,132.0,403.0,242.0
1309,2027-09-12,27,19.0,591.0,29.0,499.0,46.0,404.0,90.0,273.0,165.0
1310,2027-09-12,28,0.0,233.0,2.0,187.0,4.0,141.0,14.0,82.0,38.0
1311,2027-09-12,29,40.0,695.0,56.0,597.0,80.0,496.0,137.0,352.0,228.0
1312,2027-09-12,31,32.0,908.0,49.0,768.0,76.0,625.0,143.0,426.0,259.0
1313,2027-09-12,32,0.0,1144.0,1.0,877.0,4.0,620.0,25.0,306.0,107.0
1314,2027-09-12,33,11.0,617.0,20.0,514.0,34.0,408.0,74.0,265.0,149.0
1315,2027-09-12,35,10.0,2304.0,22.0,1854.0,49.0,1407.0,150.0,823.0,392.0
1316,2027-09-12,41,1.0,546.0,3.0,434.0,8.0,324.0,28.0,183.0,81.0
1317,2027-09-12,42,0.0,221.0,0.0,160.0,0.0,104.0,1.0,41.0,9.0
1318,2027-09-12,43,0.0,142.0,0.0,102.0,0.0,65.0,0.0,24.0,5.0
1319,2027-09-12,50,6.0,165.0,9.0,140.0,14.0,114.0,26.0,78.0,47.0
1320,2027-09-12,51,35.0,184.0,41.0,166.0,50.0,146.0,67.0,117.0,90.0
1321,2027-09-12,52,154.0,982.0,188.0,877.0,232.0,766.0,322.0,601.0,447.0
1322,2027-09-12,53,2.0,450.0,5.0,363.0,11.0,277.0,32.0,164.0,80.0
1323,2027-09-19,11,1.0,62.0,2.0,52.0,4.0,42.0,8.0,28.0,16.0
1324,2027-09-19,12,0.0,821.0,0.0,616.0,1.0,421.0,10.0,191.0,57.0
1325,2027-09-19,13,18.0,126.0,23.0,112.0,29.0,98.0,40.0,77.0,57.0
1326,2027-09-19,14,0.0,72.0,0.0,58.0,1.0,43.0,4.0,25.0,11.0
1327,2027-09-19,15,6.0,258.0,10.0,216.0,17.0,174.0,35.0,115.0,67.0
1328,2027-09-19,16,0.0,132.0,1.0,105.0,2.0,79.0,7.0,45.0,20.0
1329,2027-09-19,17,3.0,77.0,4.0,66.0,7.0,54.0,13.0,37.0,23.0
1330,2027-09-19,21,5.0,120.0,8.0,102.0,12.0,84.0,21.0,59.0,37.0
1331,2027-09-19,22,8.0,89.0,11.0,78.0,15.0,66.0,23.0,50.0,35.0
1332,2027-09-19,23,39.0,458.0,52.0,399.0,70.0,338.0,110.0,249.0,170.0
1333,2027-09-19,24,31.0,365.0,41.0,318.0,56.0,269.0,87.0,199.0,136.0
1334,2027-09-19,25,17.0,356.0,24.0,305.0,36.0,251.0,64.0,175.0,111.0
1335,2027-09-19,26,30.0,780.0,45.0,662.0,69.0,540.0,128.0,371.0,228.0
1336,2027-09-19,27,18.0,617.0,29.0,520.0,46.0,420.0,90.0,282.0,168.0
1337,2027-09-19,28,0.0,244.0,1.0,195.0,4.0,146.0,13.0,83.0,38.0
1338,2027-09-19,29,40.0,645.0,56.0,556.0,79.0,464.0,133.0,332.0,217.0
1339,2027-09-19,31,28.0,947.0,44.0,798.0,71.0,645.0,139.0,433.0,258.0
1340,2027-09-19,32,0.0,1093.0,1.0,838.0,4.0,592.0,23.0,292.0,102.0
1341,2027-09-19,33,12.0,589.0,21.0,492.0,35.0,393.0,75.0,257.0,147.0
1342,2027-09-19,35,12.0,2219.0,26.0,1796.0,57.0,1373.0,161.0,818.0,401.0
1343,2027-09-19,41,1.0,554.0,3.0,441.0,8.0,330.0,29.0,186.0,83.0
1344,2027-09-19,42,0.0,276.0,0.0,192.0,0.0,117.0,0.0,38.0,5.0
1345,2027-09-19,43,0.0,161.0,0.0,111.0,0.0,66.0,0.0,21.0,3.0
1346,2027-09-19,50,7.0,164.0,10.0,140.0,15.0,115.0,28.0,80.0,50.0
1347,2027-09-19,51,28.0,198.0,35.0,177.0,44.0,154.0,63.0,120.0,88.0
1348,2027-09-19,52,158.0,1015.0,193.0,907.0,239.0,791.0,332.0,621.0,461.0
1349,2027-09-19,53,1.0,436.0,3.0,349.0,8.0,263.0,26.0,151.0,70.0
1350,2027-09-26,11,2.0,55.0,4.0,47.0,6.0,39.0,10.0,28.0,18.0
1351,2027-09-26,12,0.0,829.0,0.0,620.0,1.0,421.0,9.0,188.0,54.0
1352,2027-09-26,13,13.0,163.0,18.0,142.0,25.0,120.0,39.0,89.0,60.0
1353,2027-09-26,14,0.0,56.0,0.0,45.0,1.0,34.0,3.0,19.0,9.0
1354,2027-09-26,15,8.0,233.0,13.0,198.0,20.0,161.0,37.0,110.0,67.0
1355,2027-09-26,16,0.0,113.0,1.0,91.0,2.0,69.0,7.0,40.0,19.0
1356,2027-09-26,17,1.0,93.0,3.0,78.0,5.0,62.0,11.0,40.0,23.0
1357,2027-09-26,21,2.0,105.0,3.0,88.0,6.0,70.0,13.0,46.0,26.0
1358,2027-09-26,22,7.0,71.0,9.0,62.0,12.0,53.0,19.0,40.0,28.0
1359,2027-09-26,23,31.0,416.0,42.0,362.0,58.0,304.0,94.0,222.0,149.0
1360,2027-09-26,24,31.0,295.0,40.0,260.0,52.0,222.0,79.0,167.0,118.0
1361,2027-09-26,25,12.0,321.0,19.0,273.0,29.0,223.0,53.0,154.0,95.0
1362,2027-09-26,26,26.0,836.0,41.0,706.0,65.0,572.0,126.0,386.0,232.0
1363,2027-09-26,27,19.0,554.0,29.0,468.0,45.0,381.0,86.0,259.0,157.0
1364,2027-09-26,28,0.0,179.0,1.0,144.0,4.0,110.0,12.0,64.0,30.0
1365,2027-09-26,29,50.0,556.0,66.0,485.0,88.0,412.0,137.0,305.0,210.0
1366,2027-09-26,31,31.0,922.0,47.0,779.0,74.0,632.0,142.0,429.0,259.0
1367,2027-09-26,32,0.0,1090.0,0.0,831.0,3.0,583.0,20.0,282.0,95.0
1368,2027-09-26,33,12.0,540.0,20.0,451.0,33.0,361.0,70.0,237.0,136.0
1369,2027-09-26,35,11.0,2210.0,24.0,1784.0,52.0,1359.0,152.0,802.0,387.0
1370,2027-09-26,41,2.0,551.0,4.0,442.0,10.0,333.0,33.0,192.0,89.0
1371,2027-09-26,42,0.0,253.0,0.0,175.0,0.0,105.0,0.0,33.0,4.0
1372,2027-09-26,43,0.0,173.0,0.0,118.0,0.0,69.0,0.0,20.0,2.0
1373,2027-09-26,50,8.0,165.0,12.0,141.0,18.0,117.0,31.0,83.0,53.0
1374,2027-09-26,51,25.0,189.0,31.0,168.0,40.0,145.0,57.0,112.0,82.0
1375,2027-09-26,52,175.0,964.0,209.0,868.0,254.0,764.0,342.0,609.0,463.0
1376,2027-09-26,53,2.0,429.0,5.0,348.0,12.0,267.0,33.0,160.0,80.0
1377,2027-10-03,11,1.0,67.0,2.0,56.0,4.0,45.0,9.0,30.0,17.0
1378,2027-10-03,12,0.0,951.0,0.0,716.0,1.0,492.0,12.0,226.0,69.0
1379,2027-10-03,13,17.0,163.0,22.0,143.0,29.0,123.0,44.0,93.0,65.0
1380,2027-10-03,14,0.0,45.0,0.0,37.0,1.0,28.0,4.0,17.0,9.0
1381,2027-10-03,15,8.0,213.0,12.0,181.0,18.0,147.0,35.0,101.0,62.0
1382,2027-10-03,16,0.0,142.0,0.0,112.0,1.0,82.0,5.0,44.0,18.0
1383,2027-10-03,17,3.0,64.0,5.0,55.0,7.0,46.0,13.0,33.0,21.0
1384,2027-10-03,21,2.0,113.0,4.0,94.0,7.0,76.0,14.0,50.0,29.0
1385,2027-10-03,22,8.0,66.0,10.0,58.0,14.0,50.0,20.0,39.0,28.0
1386,2027-10-03,23,26.0,399.0,36.0,345.0,50.0,288.0,84.0,207.0,136.0
1387,2027-10-03,24,34.0,276.0,43.0,244.0,55.0,211.0,80.0,161.0,116.0
1388,2027-10-03,25,14.0,301.0,20.0,257.0,30.0,211.0,54.0,147.0,93.0
1389,2027-10-03,26,27.0,795.0,42.0,672.0,65.0,547.0,124.0,372.0,225.0
1390,2027-10-03,27,13.0,472.0,21.0,397.0,34.0,321.0,68.0,215.0,128.0
1391,2027-10-03,28,1.0,169.0,3.0,138.0,5.0,107.0,15.0,66.0,34.0
1392,2027-10-03,29,45.0,553.0,60.0,481.0,82.0,406.0,130.0,298.0,202.0
1393,2027-10-03,31,24.0,1050.0,39.0,878.0,66.0,703.0,137.0,462.0,266.0
1394,2027-10-03,32,0.0,1307.0,0.0,973.0,1.0,657.0,12.0,289.0,80.0
1395,2027-10-03,33,14.0,523.0,22.0,440.0,36.0,354.0,73.0,236.0,139.0
1396,2027-10-03,35,11.0,2358.0,24.0,1901.0,53.0,1445.0,158.0,849.0,407.0
1397,2027-10-03,41,2.0,580.0,4.0,465.0,11.0,351.0,35.0,203.0,95.0
1398,2027-10-03,42,0.0,194.0,0.0,142.0,0.0,93.0,1.0,38.0,9.0
1399,2027-10-03,43,0.0,175.0,0.0,124.0,0.0,77.0,0.0,27.0,5.0
1400,2027-10-03,50,6.0,175.0,9.0,149.0,14.0,121.0,28.0,83.0,50.0
1401,2027-10-03,51,23.0,214.0,30.0,189.0,39.0,162.0,59.0,122.0,87.0
1402,2027-10-03,52,196.0,1044.0,233.0,941.0,281.0,830.0,377.0,664.0,507.0
1403,2027-10-03,53,1.0,438.0,3.0,352.0,8.0,266.0,27.0,154.0,72.0
